資料番号	資料名	資料内漢字番号	資料内漢語番号	単字_見出し	単字_出現形	漢語_見出し	漢語_出現形	漢語_alphabet	語種	漢語内位置	単字長	声点	声点型	仮名注	仮名型	反切	類音	節博士	その他	出現位置	備考	Unnamed: 22
20-059-01	白氏文集_神田本	1	1	王	王	王業	王業			1	2	〔墨〕去	去＊						003	3_003		
20-059-01	白氏文集_神田本	2	2	漫	澷	海漫漫	海澷澷は			2	2					〔右〕武安反			003	3_005		
20-059-01	白氏文集_神田本	3	3	怨	怨	怨曠	怨曠を			1	2	〔墨〕去	去去						004	3_007		
20-059-01	白氏文集_神田本	4	3	曠	曠	怨曠	怨曠を			2	2	〔墨〕去	去去						004	3_007		
20-059-01	白氏文集_神田本	5	4	旋	旋	胡旋女	胡旋女は			2	2			〔右〕〔墨B〕セン	＊セン＊				004	3_007		
20-059-01	白氏文集_神田本	6	5	習	習	近習	近習は			2	2			〔右〕〔墨B〕シフ	＊シフ				004	3_007		
20-059-01	白氏文集_神田本	7	6	折	折	折臂翁	折臂翁は			1	2	〔墨〕入	入＊＊		＊ヒ＊				004	3_007		
20-059-01	白氏文集_神田本	8	6	臂	臂	折臂翁	折臂翁は			2	1		入＊＊	〔右〕〔墨B〕ヒ	＊ヒ＊				004	3_007		
20-059-01	白氏文集_神田本	9	7	諷	諷	諷	諷セリ		混種語	1	2	〔墨〕去	去	〔右〕〔墨B〕フ					004	3_008		
20-059-01	白氏文集_神田本	10	8	捕	捕	捕蝗	捕蝗は			1	1	〔墨〕上／去	上去／去去						004	3_009	上声点に墨筆合点あり。	
20-059-01	白氏文集_神田本	11	8	蝗	蝗	捕蝗	捕蝗は			2	2	〔墨〕去	上去／去去						004	3_009	去声点に墨筆合点あり。	
20-059-01	白氏文集_神田本	12	9	長	長	長吏	長吏を			1	2	〔墨〕上	上＊						004	3_009		
20-059-01	白氏文集_神田本	13	10	鹽	塩	城鹽州	城塩州は			2	2			〔右〕〔墨B〕エン	＊エン＊				004	3_010		
20-059-01	白氏文集_神田本	14	11	謨	謨	聖謨	聖謨を			2	1			〔右〕〔墨B〕■[ホ]	＊ホ				004	3_011		
20-059-01	白氏文集_神田本	15	12	美	𫟈	美	𫟈タリ／𫟈なり			1	1	〔墨〕上	上						004	3_011		
20-059-01	白氏文集_神田本	16	13	馴	馴	馴犀	馴犀は			1	2	〔墨〕平	平平						004	3_012		
20-059-01	白氏文集_神田本	17	13	犀	犀	馴犀	馴犀は			2	2	〔墨〕平	平平						004	3_012		
20-059-01	白氏文集_神田本	18	14	雅	雅	雅	雅			1	1	〔墨〕上	上						005	3_013		
20-059-01	白氏文集_神田本	19	15	將	将	將	将の			1	2	〔墨〕去	去						005	3_013		
20-059-01	白氏文集_神田本	20	16	相	相	相	相の			1	2	〔墨〕去	去						005	3_013		
20-059-01	白氏文集_神田本	21	17	驃	驃	驃國樂	驃國樂は			1	2	〔墨〕去	去＊入軽						005	3_014		
20-059-01	白氏文集_神田本	22	17	樂	樂	驃國樂	驃國樂は			3	2	〔墨〕入軽	去＊入軽						005	3_014		
20-059-01	白氏文集_神田本	23	18	傳	傳	傳戎人	傳戎人は			1	2	〔墨〕平	平＊＊	〔右〕〔墨B〕テム	テム＊＊				005	3_014		
20-059-01	白氏文集_神田本	24	19	練	𱺧	百練鏡	百練鏡は			2	2	〔墨〕去	＊去去						005	3_016		
20-059-01	白氏文集_神田本	25	19	鏡	鏡	百練鏡	百練鏡は			3	2	〔墨〕去	＊去去						005	3_016		
20-059-01	白氏文集_神田本	26	20	辨	辨	辨	辨タリ			1	2	〔墨〕去	去						005	3_016		
20-059-01	白氏文集_神田本	27	21	鑑	鍳	皇鑑	皇鍳を			2	2	〔墨〕去	＊去	〔右〕〔墨B〕カン	＊カン				005	3_016		
20-059-01	白氏文集_神田本	28	22	涼	鿌	西涼伎	西鿌伎は			1	2		＊＊去	〔右〕〔墨B〕リヤウ	＊リヤウ＊				005	3_017		
20-059-01	白氏文集_神田本	29	22	伎	伎	西涼伎	西鿌伎は			2	1	〔墨〕去	＊＊去		＊リヤウ＊				005	3_017		
20-059-01	白氏文集_神田本	30	23	封	𭔵	封壃	封壃			1	2	〔墨〕平軽	平軽平						005	3_017		
20-059-01	白氏文集_神田本	31	23	壃	壃	封壃	封壃			2	2	〔墨〕平	平軽平						005	3_018		
20-059-01	白氏文集_神田本	32	24	佚	佚	佚遊	佚遊を			1	2			〔右〕〔墨B〕イツ	イツ＊				005	3_018		
20-059-01	白氏文集_神田本	33	25	㵎	澗	㵎底松	澗底松は			1	2	〔墨〕去	去上＊						005	3_018		
20-059-01	白氏文集_神田本	34	25	底	底	㵎底松	澗底松は			2	2	〔墨〕上	去上＊						005	3_019		
20-059-01	白氏文集_神田本	35	26	儁	𮥸	寒儁	寒𮥸を			2	2	〔墨〕去	＊去				〔右〕六[音]俊		005	3_019		
20-059-01	白氏文集_神田本	36	27	芳	芳	牡丹芳	牡丹芳は			3	2	〔角〕去	＊＊去						005	3_019		
20-059-01	白氏文集_神田本	37	28	農	農	農	農			1	2	〔墨〕平	平	〔右〕〔墨B〕ノウ	ノウ				005	3_019		
20-059-01	白氏文集_神田本	38	29	線	線	紅線毯	紅線毯は			2	2	〔墨〕去	＊去上		＊＊タム				006	3_020		
20-059-01	白氏文集_神田本	39	29	毯	毯	紅線毯	紅線毯は			3	2	〔墨〕上	＊去上	〔右〕〔墨B〕タム	＊＊タム				006	3_020		
20-059-01	白氏文集_神田本	40	30	蠒	蠒	蠒絲	蠒絲ノ			1	2	〔墨〕上	上＊	〔右〕〔墨B〕ケム	ケム＊				006	3_020		
20-059-01	白氏文集_神田本	41	31	杜	杜	杜陵叟	杜陵叟は			1	1	〔墨〕去	去平＊		＊＊ソウ				006	3_020		
20-059-01	白氏文集_神田本	42	31	陵	𨹧	杜陵叟	杜陵叟は			2	2	〔墨〕平	去平＊		＊＊ソウ				006	3_020		
20-059-01	白氏文集_神田本	43	31	叟	叟	杜陵叟	杜陵叟は			3	2		去平＊	〔右〕〔墨B〕ソウ	＊＊ソウ				006	3_020		
20-059-01	白氏文集_神田本	44	32	繚	繚	繚綾	繚綾は			1	2	〔墨〕上	上平						006	3_021		
20-059-01	白氏文集_神田本	45	32	綾	綾	繚綾	繚綾は			2	2	〔墨〕平	上平						006	3_021		
20-059-01	白氏文集_神田本	46	33	賣	賣	賣炭翁	賣炭翁は			1	2	〔墨〕去濁1	去濁去＊	〔右〕〔墨A〕ハイ	ハイ＊＊				006	3_021		
20-059-01	白氏文集_神田本	47	33	炭	炭	賣炭翁	賣炭翁は			2	2	〔墨〕去	去濁去＊		ハイ＊＊				006	3_021		
20-059-01	白氏文集_神田本	48	34	官	官	官市	官市を			1	2	〔墨〕平軽	平軽＊						006	3_022		
20-059-01	白氏文集_神田本	49	35	貪	貪	貪虜	貪虜を			1	2	〔墨〕平	平上	〔右〕〔墨A〕タム	タム＊				006	3_023		
20-059-01	白氏文集_神田本	50	35	虜	虜	貪虜	貪虜を			2	1	〔墨〕上	平上		タム＊				006	3_023		
20-059-01	白氏文集_神田本	51	36	時	時	時勢粧	時㔟粧は			1	1	〔墨〕平軽	平軽去平軽						006	3_023		
20-059-01	白氏文集_神田本	52	36	勢	㔟	時勢粧	時㔟粧は			2	2	〔墨〕去	平軽去平軽						006	3_023		
20-059-01	白氏文集_神田本	53	36	粧	粧	時勢粧	時㔟粧は			3	2	〔墨〕平軽	平軽去平軽						006	3_023		
20-059-01	白氏文集_神田本	54	37	嬖	嬖	嬖惑	嬖惑を			1	2	〔墨〕去	去入軽	〔右〕〔墨A〕ヘイ	ヘイコク				006	3_024		
20-059-01	白氏文集_神田本	55	37	惑	惑	嬖惑	嬖惑を			2	2	〔墨〕入軽	去入軽	〔右〕〔墨A〕コク	ヘイコク				006	3_024		
20-059-01	白氏文集_神田本	56	38	閉	閇	幽閉	幽閉を			2	2	〔墨〕去	＊去						006	3_024		
20-059-01	白氏文集_神田本	57	39	鹽	塩	鹽商婦	塩商婦は			1	2	〔墨〕平	平＊去						006	3_024		
20-059-01	白氏文集_神田本	58	39	婦	婦	鹽商婦	塩商婦は			3	1	〔墨〕去	平＊去						006	3_024		
20-059-01	白氏文集_神田本	59	40	爲	為	杏爲梁	杏為梁は			2	1	〔墨〕平	＊平＊						006	3_025		
20-059-01	白氏文集_神田本	60	41	井	井	井底	井底			1	2	〔墨〕上	上上						006	3_025		
20-059-01	白氏文集_神田本	61	41	底	底	井底	井底			2	2	〔墨〕上	上上						006	3_025		
20-059-01	白氏文集_神田本	62	42	引	引	引銀瓶	引銀瓶は			1	2	〔墨〕上	上＊＊		＊＊ヘイ				006	3_025		
20-059-01	白氏文集_神田本	63	42	瓶	瓶	引銀瓶	引銀瓶は			3	2		上＊＊	〔右〕〔墨B〕ヘイ	＊＊ヘイ				006	3_026		
20-059-01	白氏文集_神田本	64	43	淫	淫	淫奔	淫奔			1	2	〔墨〕平	平＊						006	3_026		
20-059-01	白氏文集_神田本	65	44	諷	諷	諷	諷セリ		混種語	1	2	〔墨〕去	去						006	3_026		
20-059-01	白氏文集_神田本	66	45	古	古	古塚狐	古塚狐は			1	1	〔墨〕上	上上＊						007	3_028		
20-059-01	白氏文集_神田本	67	45	塚	塚	古塚狐	古塚狐は			2	2	〔墨〕上	上上＊	〔右〕〔墨B〕テウ					007	3_028		
20-059-01	白氏文集_神田本	68	46	黒	黒	黒潭龍	黒潭龍は			1	2	〔墨〕入	入＊＊	〔右〕〔墨B〕コク	コク＊＊				007	3_028		
20-059-01	白氏文集_神田本	69	47	可	可	天可度	天可度は			2	1		＊＊入	〔右〕〔墨B〕カ	＊カタク				007	3_029		
20-059-01	白氏文集_神田本	70	47	度	度	天可度	天可度は			3	2	〔墨〕入	＊＊入	〔右〕〔墨A〕タク	＊カタク				007	3_029		
20-059-01	白氏文集_神田本	71	48	詐	詐	詐人	詐人と			1	1	〔墨〕去	去＊	〔右〕〔墨A〕サ	サ＊				007	3_029		
20-059-01	白氏文集_神田本	72	49	了	了	秦吉了	秦吉了は			3	2	〔墨〕上	＊＊上	〔右〕〔墨B〕レウ／〔墨B？〕＊フ	＊＊レウ／＊＊レフ				007	3_029		
20-059-01	白氏文集_神田本	73	50	冤	冤	冤民	冤民を			1	2	〔墨〕平	平＊						007	3_029		
20-059-01	白氏文集_神田本	74	51	鵶	鵶	鵶九剣	鵶九釼は			1	1	〔墨〕平軽	平軽＊＊	〔右〕〔墨A〕ア	ア＊＊				007	3_030		
20-059-01	白氏文集_神田本	75	52	壅	壅	決壅	決壅を			2	2	〔墨〕去	＊去	〔右〕〔墨B〕ヰヨウ	＊ヰヨウ				007	3_030		
20-059-01	白氏文集_神田本	76	53	言	言	九千二百五十二言	九千二百五十二言を			8	2	〔墨〕平	＊＊＊＊＊＊＊平						007	3_031		
20-059-01	白氏文集_神田本	77	54	斷	断	斷	断シて		混種語	1	2	〔墨〕去	去	〔右〕〔墨B？〕タン	タン				007	3_031		
20-059-01	白氏文集_神田本	78	55	例	例	例	例なり			1	2	〔墨〕去	去						007	3_033		
20-059-01	白氏文集_神田本	79	56	直	直	直	直に			1	2	〔墨〕入	入						008	3_035		
20-059-01	白氏文集_神田本	80	57	順	順	順	順に			1	2	〔墨〕去	去						008	3_037		
20-059-01	白氏文集_神田本	81	58	作	作	作	作ス		混種語	1	2	〔墨〕入軽	入軽						008	3_038		
20-059-01	白氏文集_神田本	82	59	爲	為	爲	為タメニシ			1	1	〔墨〕去	去						008	3_039	声点は破音点	
20-059-01	白氏文集_神田本	83	60	作	作	作（せ）	作(セ)		混種語	1	2	〔墨〕入軽	入軽						008	3_039		
20-059-01	白氏文集_神田本	84	61	易	易	白居易	白居易			3	1	〔墨〕去	＊＊去						009	3_045		
20-059-01	白氏文集_神田本	85	62	稽	𮃛	稽首	𮃛首シて		混種語	1	2	〔墨〕上	上＊						009	3_045		
20-059-01	白氏文集_神田本	86	63	挙	舉	挙	舉す		混種語	1	1	〔墨〕上	上						009	3_046		
20-059-01	白氏文集_神田本	87	64	充	充	充	充を			1	2	〔墨〕平	平	〔右〕〔墨B〕シウ	シウ				009	3_047		
20-059-01	白氏文集_神田本	88	65	戮	戮	戮	戮(シ)て		混種語	1	2	〔墨〕入軽	入軽						009	3_047		
20-059-01	白氏文集_神田本	89	66	竇	竇	竇	竇を			1	2	〔墨〕去	去						009	3_047		
20-059-01	白氏文集_神田本	90	67	王	王	王業	王業			1	2	〔墨〕去	去＊						009	3_047		
20-059-01	白氏文集_神田本	91	68	骸	𮪬	遺骸	遺𮪬をば			2	2	〔墨〕平	＊平						010	3_049		
20-059-01	白氏文集_神田本	92	69	散	散	散	散(シ)て		混種語	1	2	〔墨〕去	去						010	3_050		
20-059-01	白氏文集_神田本	93	70	帛	帛	帛	帛を			1	2	〔墨〕入	入						010	3_050		
20-059-01	白氏文集_神田本	94	71	瘞	瘞	瘞埋	瘞埋(ス)		混種語	1	2	〔墨〕去	去＊	〔右〕〔墨A〕エイ	エイ＊				010	3_050		
20-059-01	白氏文集_神田本	95	72	金	金	金	金を			1	2	〔墨〕平	平						010	3_051		
20-059-01	白氏文集_神田本	96	73	慟	慟	慟	慟ス		混種語	1	2	〔墨〕去	去						010	3_054		
20-059-01	白氏文集_神田本	97	74	冑	冑	戴冑	戴冑			2	2	〔墨〕去	＊去	〔右〕〔墨A〕チウ	＊チウ				011	3_055		
20-059-01	白氏文集_神田本	98	75	勣	勣	李勣	李勣			2	2	〔墨〕入軽	＊入軽	〔右〕〔墨A〕セキ	＊セキ				011	3_057		
20-059-01	白氏文集_神田本	99	76	嗚	𭇩	嗚咽	嗚咽シ		混種語	1	1	〔墨〕平軽	平軽入		＊エツ				011	3_058		
20-059-01	白氏文集_神田本	100	76	咽	咽	嗚咽	嗚咽シ		混種語	2	2	〔墨〕入軽	平軽入	〔右〕〔墨B〕エツ	＊エツ				011	3_058		
20-059-01	白氏文集_神田本	101	77	療	療	療	療ヲサ(ム)			1	2	〔墨〕去	去						011	3_058		
20-059-01	白氏文集_神田本	102	78	思	思	思摩	思摩			1	1	〔墨〕平軽	平軽平濁		＊ハ				011	3_059		
20-059-01	白氏文集_神田本	103	78	摩	摩	思摩	思摩			2	1	〔墨〕平濁1	平軽平濁	〔右〕〔墨B〕ハ	＊ハ				011	3_059		
20-059-01	白氏文集_神田本	104	79	歸	歸	歸	歸シケリ／歸ス／歸スルナリケリ		混種語	1	1			〔欄外〕〔墨A〕クヰ	クヰ				011	3_061		
20-059-01	白氏文集_神田本	105	80	陳	陳	陳	陳するに		混種語	1	2	〔墨〕平	平						012	3_064		
20-059-01	白氏文集_神田本	106	81	王	王	王業	王業を			1	2	〔墨〕去	去＊						012	3_064		
20-059-01	白氏文集_神田本	107	82	徽	徽	永徽	永徽			2	1	〔墨〕平軽	＊平軽	〔右〕〔墨B〕クヰ	＊クヰ				012	3_066		
20-059-01	白氏文集_神田本	108	83	詠	詠	詠	詠す		混種語	1	2	〔墨〕去	去						012	3_067		
20-059-01	白氏文集_神田本	109	84	製	製	製	製ス		混種語	1	2	〔墨〕去	去						012	3_067		
20-059-01	白氏文集_神田本	110	85	霓	霓	霓裳	霓裳を			1	2	〔墨〕平濁1	平濁平	〔右〕〔墨B〕ケイ／〔右〕〔角〕ケ	ケイ＊／ケ＊				012	3_068		
20-059-01	白氏文集_神田本	111	85	裳	裳	霓裳	霓裳を			2	2	〔墨〕平	平濁平		ケイ＊／ケ＊				012	3_068		
20-059-01	白氏文集_神田本	112	86	洋	洋	洋々	洋々たり			1	2	〔墨〕平	平＊						012	3_068		
20-059-01	白氏文集_神田本	113	87	堂	堂	堂々	堂々を			1	2	〔墨〕平濁1	平濁＊						013	3_069		
20-059-01	白氏文集_神田本	114	88	慶	慶	慶	慶			1	2	〔墨〕去	去						013	3_070		
20-059-01	白氏文集_神田本	115	89	無	無	無彊	無彊に			1	1	〔墨〕平	平平軽						013	3_070		
20-059-01	白氏文集_神田本	116	89	疆	疆	無彊	無彊に			2	2	〔墨〕平軽	平平軽						013	3_070		
20-059-01	白氏文集_神田本	117	90	中	中	中宗	中宗			1	2	〔墨〕去	去＊						013	3_070		
20-059-01	白氏文集_神田本	118	91	鴻	鴻	鴻業	鴻業を			1	2	〔墨〕平	平＊						013	3_070		
20-059-01	白氏文集_神田本	119	92	祚	祚	祚	祚			1	1	〔墨〕去	去						013	3_070		
20-059-01	白氏文集_神田本	120	93	中	中	中	中コロ			1	2	〔墨〕去	去						013	3_071		
20-059-01	白氏文集_神田本	121	94	兆	𡉵	兆	𡉵なり			1	2	〔墨〕去	去						013	3_072		
20-059-01	白氏文集_神田本	122	95	邪	邪	邪亂	邪亂に			1	1			〔右〕〔墨B〕シヤ	シヤ＊				013	3_072		
20-059-01	白氏文集_神田本	123	96	華	𬜻	華聲	𬜻聲は			1	1	〔墨〕平	平＊						013	3_073		
20-059-01	白氏文集_神田本	124	97	宮	宮	宮闕	宮闕を			1	2	〔角〕去	去＊						013	3_074		
20-059-01	白氏文集_神田本	125	98	音	音	音	音を			1	2	〔墨〕平軽	平軽						014	3_076		
20-059-01	白氏文集_神田本	126	99	參	𠫵	參錯	𠫵錯セシ		混種語	1	2		＊入軽	〔右〕〔墨A〕シム	シムサク				014	3_076		
20-059-01	白氏文集_神田本	127	99	錯	錯	參錯	𠫵錯セシ		混種語	2	2	〔墨〕入軽	＊入軽	〔右〕〔墨A〕サク	シムサク				014	3_076		
20-059-01	白氏文集_神田本	128	100	興	興	興衰	興𮕱			1	2	〔墨〕平軽	平軽平						014	3_077		
20-059-01	白氏文集_神田本	129	100	衰	𮕱	興衰	興𮕱			2	2	〔墨〕平	平軽平						014	3_077		
20-059-01	白氏文集_神田本	130	100	樂	樂	哀樂	𭈆樂			2	2			〔右〕〔墨B〕カク	＊カク				014	3_077		
20-059-01	白氏文集_神田本	131	101	曠	曠	曠	曠を			1	2	〔墨〕去	去						014	3_077		
20-059-01	白氏文集_神田本	132	102	夏	夏	夷夏	𭄧夏を			2	1	〔墨〕去	去						014	3_078		
20-059-01	白氏文集_神田本	133	103	介	介	介公	介公			1	2	〔墨〕去	去＊						014	3_080		
20-059-01	白氏文集_神田本	134	104	酅	⿰隽⻏	𨟎公	[⿰隽⻏]公			1	2	〔墨〕上	上＊	〔右〕〔墨A〕スヰ	スヰ＊				014	3_080		
20-059-01	白氏文集_神田本	135	105	介	介	介公	介公			1	2	〔墨〕去	去＊						015	3_083		
20-059-01	白氏文集_神田本	136	106	享	𬽊	朝享	朝𬽊の			2	2	〔墨〕上	＊上						015	3_084		
20-059-01	白氏文集_神田本	137	107	郊	郊	郊祭	郊祭を			1	2	〔墨〕平軽	平軽去						015	3_085		
20-059-01	白氏文集_神田本	138	107	祭	祭	郊祭	郊祭を			2	2	〔墨〕去	平軽去						015	3_085		
20-059-01	白氏文集_神田本	139	108	高	髙	高祖	髙祖			1	2			〔右〕〔角〕カウ	カウ＊				015	3_085		
20-059-01	白氏文集_神田本	140	109	嗣	嗣	嗣	嗣ツキ			1	1	〔角〕去	去						015	3_086		
20-059-01	白氏文集_神田本	141	110	漫	澷	海漫漫	海澷々は			2	2	〔墨〕平	＊平＊			〔右〕式（ママ）安反			015	3_088		
20-059-01	白氏文集_神田本	142	111	漫	澷	漫漫	澷々たり			1	2	〔墨〕平	平＊						015	3_089		
20-059-01	白氏文集_神田本	143	112	山	山	神山	神山			2	2					〔左〕協所連反	〔右〕〻先		016	3_090		
20-059-01	白氏文集_神田本	144	113	信	信	信	信			1	2	〔墨〕去	去						016	3_091		
20-059-01	白氏文集_神田本	145	114	浩	浩	浩浩	浩々たり			1	2	〔墨〕去	去＊	〔右〕〔墨B〕カウ	カウ＊				016	3_093		
20-059-01	白氏文集_神田本	146	115	丱	卝	丱女	卝女			1	2	〔墨〕去	去＊			〔右〕切古患反			016	3_095		
20-059-01	白氏文集_神田本	147	116	徐	徐	徐福	徐福			1	1	〔墨〕平／〔角〕平	平入軽						016	3_095		
20-059-01	白氏文集_神田本	148	116	福	福	徐福	徐福			2	2	〔墨〕入軽／〔角〕入軽	平入軽						016	3_095		
20-059-01	白氏文集_神田本	149	117	誑	誑	誑誕	誑誕			1	2	〔墨〕去	去去	〔右〕〔墨B〕クヰヤウ	クヰヤウタン				016	3_095		
20-059-01	白氏文集_神田本	150	117	誕	誕	誑誕	誑誕			2	2	〔墨〕去	去去	〔右〕〔墨A〕タム／〔右〕〔墨B〕ン	クヰヤウタン				016	3_095		
20-059-01	白氏文集_神田本	151	118	祠	祠	祠禱	祠禱ス		混種語	1	1	〔墨〕平	平上						016	3_096		
20-059-01	白氏文集_神田本	152	118	禱	禱	祠禱	祠禱ス		混種語	2	2	〔墨〕上	平上						016	3_096		
20-059-01	白氏文集_神田本	153	119	杜	杜	杜陵	杜陵			1	1	〔墨〕去	去＊						016	3_096		
20-059-01	白氏文集_神田本	154	120	蔓	𦽦	蔓草	𦽦草を			1	2	〔墨〕去	去＊						017	3_097		
20-059-01	白氏文集_神田本	155	121	祖	祖	玄元聖祖	玄元聖祖ノ			4	1	〔墨〕上	＊＊＊上						017	3_097		
20-059-01	白氏文集_神田本	156	122	部	部	坐部伎	㘴部伎の			2	2	〔墨〕去	＊去						017	3_099		
20-059-01	白氏文集_神田本	157	123	索	索	巨索	巨索を			2	2	〔墨〕入軽	＊入軽						017	3_101		
20-059-01	白氏文集_神田本	158	124	伎	伎	部伎	部伎			2	1	〔墨〕去	＊去						017	3_102		
20-059-01	白氏文集_神田本	159	125	等	䓁	等級	䓁級			1	2	〔墨〕上	上入軽						017	3_102		
20-059-01	白氏文集_神田本	160	125	級	級	等級	䓁級			2	2	〔墨〕入軽	上入軽						017	3_102		
20-059-01	白氏文集_神田本	161	126	坐	㘴	坐部	㘴部は			1	1	〔墨〕去	去＊						017	3_103		
20-059-01	白氏文集_神田本	162	127	衆	衆	衆	衆ハ			1	2	〔墨〕去	去						018	3_104		
20-059-01	白氏文集_神田本	163	128	和	和	和	和ス		混種語	1	1	〔墨〕去	去						018	3_106		
20-059-01	白氏文集_神田本	164	129	戲	戯	雜戲	雜戯に			2	1	〔墨〕去	＊去						018	3_106		
20-059-01	白氏文集_神田本	165	130	操	操	操	操ス		混種語	1	2	〔墨〕平軽	平軽	〔左〕〔墨A〕サウ	サウ				018	3_107		
20-059-01	白氏文集_神田本	166	131	替	替	替壞	替壊シ		混種語	1	2	〔墨〕去	去去						018	3_107		
20-059-01	白氏文集_神田本	167	131	壞	壊	替壞	替壊シ		混種語	2	2	〔墨〕去	去去						018	3_107		
20-059-01	白氏文集_神田本	168	132	徵	𭗓	宮徵	宮𭗓を			2	1	〔墨〕上	＊上	〔右〕〔墨B〕チ	＊チ				018	3_108		
20-059-01	白氏文集_神田本	169	133	樂	樂	樂	樂を			1	2	〔墨〕入／〔角〕入	＊入	〔右〕〔墨B〕カク／〔右〕〔角〕カク	カク				018	3_109		
20-059-01	白氏文集_神田本	170	134	常	常	太常	太常ノ			2	2	〔墨〕平	＊平						018	3_110		
20-059-01	白氏文集_神田本	171	135	下	下	下調	下調			1	1	〔墨〕去	去＊						019	3_112		
20-059-01	白氏文集_神田本	172	136	和	和	和	和こと			1	1	〔墨〕去	去						019	3_112		
20-059-01	白氏文集_神田本	173	137	濁	濁	清濁	清濁を			2	2			〔右〕〔墨B〕タク／〔右〕〔角〕タク	＊タク				019	3_116		
20-059-01	白氏文集_神田本	174	138	稱	稱	稱	稱スラク／稱ス		混種語	1	2	〔墨〕平軽	平軽						019	3_117		
20-059-01	白氏文集_神田本	175	139	辨	辨	辨	辨を			1	2	〔墨〕去	去						019	3_117		
20-059-01	白氏文集_神田本	176	140	果	果	果然	果然に／果然ハタシテ／果然ツヒニ			1	1	〔墨〕上	上＊	〔右〕〔墨B〕クワ	クワ＊				020	3_119		
20-059-01	白氏文集_神田本	177	141	寇	𡨥	寇	𡨥			1	2	〔墨〕去	去	〔右〕〔墨A〕コウ	コウ				020	3_119		
20-059-01	白氏文集_神田本	178	142	樂	樂	樂	樂ト			1	2	〔墨〕入軽	入軽	〔右〕〔墨A〕カク	カク				020	3_120		
20-059-01	白氏文集_神田本	179	143	鏗	鏗	鏗鏘	鏗鏘を			1	2	〔墨〕平軽	平軽平軽	〔右〕〔墨B〕カイ／〔左〕〔墨A〕カウ	カイサイ／カウサイ				020	3_120	原文は「カイ江」に墨筆合点あり。	
20-059-01	白氏文集_神田本	180	143	鏘	𨪙	鏗鏘	鏗鏘を			2	2	〔墨〕平軽	平軽平軽	〔右〕〔墨B〕サイ	カイサイ／カウサイ		〔右〕〻昌		020	3_120	「サイ」に墨筆合点あり。	
20-059-01	白氏文集_神田本	181	144	襄	襄	磬襄	磬襄			2	2						〔右〕〻将		020	3_121		
20-059-01	白氏文集_神田本	182	145	濁	濁	清濁	清濁			2	2			〔右〕〔墨B〕タク	＊タク				020	3_122		
20-059-01	白氏文集_神田本	183	146	進	進	進幸	進幸ラル々モノ			1	2	〔墨〕去	去＊						020	3_123		
20-059-01	白氏文集_神田本	184	147	監	監	監使	監使			1	2	〔墨〕去	去去						021	3_125		
20-059-01	白氏文集_神田本	185	147	使	使	監使	監使			2	1	〔墨〕去	去去						021	3_125		
20-059-01	白氏文集_神田本	186	148	玄	玄	玄宗	玄宗			1	2	〔墨〕去	去上						021	3_126		
20-059-01	白氏文集_神田本	187	148	宗	宗	玄宗	玄宗			2	2	〔墨〕上	去上						021	3_126		
20-059-01	白氏文集_神田本	188	149	哭	𡘈	哭	𡘈			1	2	〔墨〕入軽	入軽						021	3_129		
20-059-01	白氏文集_神田本	189	150	配	配	配	配(セ)		混種語	1	2	〔墨〕去	去						021	3_131		「漢語_出現形」欄、訓読文により「セ」を補読
20-059-01	白氏文集_神田本	190	151	生	生	一生	一生に			2	2	〔墨〕平軽／〔墨〕去	＊平軽／＊去						021	3_131	平軽点に墨筆合点あり。	
20-059-01	白氏文集_神田本	191	152	悄	悄	悄然	悄然たり			1	2	〔墨〕上	上＊						022	3_135		
20-059-01	白氏文集_神田本	192	153	記	記	記	記セ		混種語	1	1	〔墨〕去	去						022	3_136		
20-059-01	白氏文集_神田本	193	154	尚	尚	尚書	尚書			1	2	〔墨〕平	平＊						022	3_138		
20-059-01	白氏文集_神田本	194	155	號	号	號	号を			1	2	〔墨〕去	去						022	3_138		
20-059-01	白氏文集_神田本	195	156	鞋	鞋	鞋履	鞋履			1	2						〔右〕〻皆		022	3_138		
20-059-01	白氏文集_神田本	196	157	向	向	呂向	呂向			2	2	〔墨〕去	＊去						023	3_142		
20-059-01	白氏文集_神田本	197	158	旋	旋	胡旋女	胡旋女			2	2	〔墨〕去	＊去＊						023。「去聲平聲可通欤」	3_144		
20-059-01	白氏文集_神田本	198	159	居	居	康居國	康居國			2	1	〔墨〕平	＊平＊						023	3_144		
20-059-01	白氏文集_神田本	199	160	應	應	應	應シ		混種語	1	2	〔墨〕去	去						023	3_145		
20-059-01	白氏文集_神田本	200	161	應	應	應	應す		混種語	1	2	〔墨〕去	去						023	3_145		
20-059-01	白氏文集_神田本	201	162	匝	迊	千匝	千迊			2	2	〔墨〕入軽	＊入軽						024	3_147		
20-059-01	白氏文集_神田本	202	163	類	類	物類	物類ハ			2	2	〔墨〕去	＊去						024	3_147		
20-059-01	白氏文集_神田本	203	164	旋	旋	旋風	旋風			1	2	〔朱〕平／〔墨〕去	平＊／去＊						024	3_148	去声点に墨筆・角筆合点あり。	
20-059-01	白氏文集_神田本	204	165	爲	為	爲	為に			1	1	〔墨〕去	去						024	3_149	声点は破音点	
20-059-01	白氏文集_神田本	205	166	康	康	康居	康居より			1	2	〔墨〕平	平平						024	3_149		
20-059-01	白氏文集_神田本	206	166	居	居	康居	康居より			2	1	〔墨〕平	平平						024	3_149		
20-059-01	白氏文集_神田本	207	167	勞	勞	勞	勞セリ／勞ニ		混種語	1	2	〔墨〕去	去						024	3_150		
20-059-01	白氏文集_神田本	208	168	中	中	中原	中原に			1	2	〔墨〕平軽	平軽平濁						024	3_150		
20-059-01	白氏文集_神田本	209	168	原	原	中原	中原に			2	2	〔墨〕平濁1	平軽平濁						024	3_150		
20-059-01	白氏文集_神田本	210	169	圓	圎	圓轉	圎轉を			1	2	〔墨〕平	平上						024	3_152		
20-059-01	白氏文集_神田本	211	169	轉	轉	圓轉	圎轉を			2	2	〔墨〕上	平上						024	3_152		
20-059-01	白氏文集_神田本	212	170	冊	𠕋	冊	𠕋シ		混種語	1	2	〔墨〕入軽	入軽						025	3_153		
20-059-01	白氏文集_神田本	213	171	障	障	金鷄障	金鶏障の			3	2	〔墨〕去	＊＊去						025	3_154		
20-059-01	白氏文集_神田本	214	172	嵬	嵬	馬嵬	馬嵬に			2	2	〔墨〕上	＊上						025	3_156		
20-059-01	白氏文集_神田本	215	173	軸	軸	地軸	地軸			2	2						〔右〕〻竹		025	3_156		
20-059-01	白氏文集_神田本	216	174	轉	轉	轉	轉ス		混種語	1	2	〔墨〕上	上						025	3_156		
20-059-01	白氏文集_神田本	217	175	禁	禁	禁	禁(セ)		混種語	1	2	〔墨〕平／〔墨〕去	平／去						025	3_157	去声点に墨筆・角筆合点あり。	
20-059-01	白氏文集_神田本	218	176	鬢	⿰⿱镸彡賔	頭鬢	頭[⿰⿱镸彡賔]			2	2	〔墨〕去	＊去						026	3_160		
20-059-01	白氏文集_神田本	219	177	鬚	⿰⿱镸彡須	鬚眉	[⿰⿱镸彡須]眉			1	2	〔墨〕平	平＊						026	3_160		
20-059-01	白氏文集_神田本	220	178	店	店	店	店の			1	2	〔墨〕去	去	〔右〕〔墨B〕テム	テム				026	3_161		
20-059-01	白氏文集_神田本	221	179	因	因	因縁	因縁ソ			1	2	〔墨〕平軽	平軽＊						026	3_162		
20-059-01	白氏文集_神田本	222	180	貫	貫	貫屬	貫𭕭ラレ／貫𭕭タリ			1	2	〔墨〕去	去入						026	3_163		
20-059-01	白氏文集_神田本	223	180	屬	𭕭	貫屬	貫𭕭ラレ／貫𭕭タリ			2	2	〔墨〕入	去入						026	3_163		
20-059-01	白氏文集_神田本	224	181	征	征	征戰	征戰スルコト		混種語	1	2	〔墨〕平	平去						026	3_163		
20-059-01	白氏文集_神田本	225	181	戰	戰	征戰	征戰スルコト		混種語	2	2	〔墨〕去	平去						026	3_163		
20-059-01	白氏文集_神田本	226	182	吹	吹	歌吹	歌吹ノ			2	2	〔墨〕去	＊去						026	3_164		
20-059-01	白氏文集_神田本	227	183	旗	旗	旗鎗	旗鎗			1	1	〔墨〕平	平平		＊サウ				026	3_164		
20-059-01	白氏文集_神田本	228	183	鎗	鎗	旗鎗	旗鎗			2	2	〔墨〕平	平平	〔右〕〔墨B〕サウ／〔右〕〔角〕サウ	＊サウ				026	3_164		
20-059-01	白氏文集_神田本	229	184	箭	箭	弓箭	弓箭			2	2	〔墨〕去	＊去						026	3_164		
20-059-01	白氏文集_神田本	230	185	戸	戸	戸	戸に			1	1	〔墨〕去	去						026	3_165		
20-059-01	白氏文集_神田本	231	186	點	㸃	點	㸃シ		混種語	1	2	〔墨〕上	上						026	3_165		
20-059-01	白氏文集_神田本	232	187	瀘	瀘	瀘水	瀘水			1	1	〔墨〕平	平＊	〔右〕〔墨A〕ロ／〔右〕〔角〕ロ	ロ＊				027	3_167		
20-059-01	白氏文集_神田本	233	188	瘴	瘴	瘴煙	瘴煙			1	2	〔墨〕去	去平軽	〔右〕〔墨B〕シヤウ／〔右〕〔角〕シヤウ	シヤウ＊				027	3_167		
20-059-01	白氏文集_神田本	234	188	煙	煙	瘴煙	瘴煙			2	2	〔墨〕平軽	去平軽		シヤウ＊				027	3_167		
20-059-01	白氏文集_神田本	235	189	哭	𡘈	哭	𡘈スル／𡘈する		混種語	1	2	〔墨〕入軽	入軽						027	3_168		
20-059-01	白氏文集_神田本	236	190	耶	耶	耶孃	耶[⿰女𮖠]を			1	1	〔墨〕平	平平濁／平上濁	〔右〕〔墨B〕ヤ／〔右〕〔角〕ヤ	ヤシヤウ				027	3_169	平声点に角筆合点あり。ヤに墨筆合点あり。	
20-059-01	白氏文集_神田本	237	190	孃	⿰女𮖠	耶孃	耶[⿰女𮖠]を			2	2	〔墨〕平濁1／〔角〕平濁2／〔角〕上濁2	平平濁／平上濁	〔右〕〔墨B〕シヤウ／〔右〕〔角〕シヤウ	ヤシヤウ				027	3_169		
20-059-01	白氏文集_神田本	238	191	前	前	前後	前後ノ			1	2	〔墨〕平／〔角〕平	平去						027	3_169		
20-059-01	白氏文集_神田本	239	191	後	後	前後	前後ノ			2	2	〔墨〕去／〔角〕去	平去						027	3_169		
20-059-01	白氏文集_神田本	240	192	征	征	征	征スル／征セル		混種語	1	2	〔墨〕平軽	平軽						027	3_169		声点は平軽と見てもよいのでは？
20-059-01	白氏文集_神田本	241	193	牒	𤗊	牒	𤗊の			1	2	〔墨〕入	入	〔右〕〔墨B〕テフ／〔右〕〔角〕テフ	テフ				027	3_171		
20-059-01	白氏文集_神田本	242	194	字	字	名字	名字			2	1			〔右〕〔角〕シ	＊シ				027	3_171		
20-059-01	白氏文集_神田本	243	195	支	𭣔	一支	一支			2	1	〔墨〕平軽	＊平軽						028	3_174		
20-059-01	白氏文集_神田本	244	196	没	没	没	没シ		混種語	1	2	〔墨〕入軽	入軽						028	3_177		
20-059-01	白氏文集_神田本	245	197	鬼	鬼	鬼	鬼と			1	1	〔墨〕去	去						028	3_178		
20-059-01	白氏文集_神田本	246	198	呦	呦	呦呦	呦々タラマシ			1	2	〔墨〕平軽	平軽＊	〔右〕〔墨A〕イウ	イウ＊				028	3_178		
20-059-01	白氏文集_神田本	247	199	宰	宰	宰相	宰相			1	2	〔墨〕上	上＊						028	3_180		
20-059-01	白氏文集_神田本	248	200	宋	宋	宋開府	宋開府			1	2	〔墨〕去	去平軽＊						028	3_180		
20-059-01	白氏文集_神田本	249	200	開	開	宋開府	宋開府			2	2	〔墨〕平軽	去平軽＊						028	3_180		
20-059-01	白氏文集_神田本	250	201	武	武	武	武を			1	1	〔墨〕上	上						029	3_181		
20-059-01	白氏文集_神田本	251	202	寇	𰍈	寇	𰍈す		混種語	1	2	〔墨〕去	去						029	3_181		
20-059-01	白氏文集_神田本	252	203	將	将	子將	子将			2	2	〔墨〕去	＊去						029	3_181		
20-059-01	白氏文集_神田本	253	204	郝	郝	郝靈荃	郝霊荃			1	2	〔墨〕入軽	入軽＊＊	〔右〕〔墨B〕セキ	セキ＊＊				029	3_181		
20-059-01	白氏文集_神田本	254	204	荃	荃	郝靈荃	郝霊荃			3	2						〔右〕∟千		029	3_181		
20-059-01	白氏文集_神田本	255	205	特	特	特勒	特勒			1	2	〔墨〕入	入＊						029	3_181		
20-059-01	白氏文集_神田本	256	206	鶻	鶻	廻鶻	逥鶻			2	2	〔墨〕入	＊入						029	3_181		
20-059-01	白氏文集_神田本	257	207	默	黙	默啜	黙啜を			1	2		＊入軽		＊テチ		〔右〕〻木		029	3_181		
20-059-01	白氏文集_神田本	258	207	啜	啜	默啜	黙啜を			2	2	〔墨〕入軽	＊入軽	〔右〕〔墨A〕テチ	＊テチ	〔欄外〕當雪反(抹消)			029	3_181		
20-059-01	白氏文集_神田本	259	208	璟	璟	宋璟〔OB〕	宋璟			2	2						〔欄上〕六[音]影		029	3_182		
20-059-01	白氏文集_神田本	260	209	痛	痛	心痛	心痛(シ)て		混種語	2	2	〔墨〕去	＊去						029	3_182		
20-059-01	白氏文集_神田本	261	210	楊	楊	楊國忠	楊國忠			1	2	〔墨〕平	平＊＊						029	3_183		
20-059-01	白氏文集_神田本	262	211	討	討	討	討す		混種語	1	2	〔墨〕上	上						029	3_185		
20-059-01	白氏文集_神田本	263	212	諷	諷	諷	諷セリ		混種語	1	2	〔墨〕去	去						030	3_188		
20-059-01	白氏文集_神田本	264	213	好	好	好惡	好𢙣			1	2	〔墨〕上	上去		＊ヲ				030	3_191		
20-059-01	白氏文集_神田本	265	213	惡	𢙣	好惡	好𢙣			2	1	〔墨〕去	上去	〔右〕〔墨A〕ヲ	＊ヲ				030	3_191		
20-059-01	白氏文集_神田本	266	214	載	載	五載	五載ナラ			2	2	〔墨〕去	＊去	〔右〕〔墨B〕サイ	＊サイ				030	3_192		
20-059-01	白氏文集_神田本	267	215	參	𭆞	參商	𭆞商と			1	2	〔墨〕平軽	平軽＊	〔右〕〔墨A〕シン	シン＊				030	3_192		
20-059-01	白氏文集_神田本	268	216	爲	為	爲	為に			1	1	〔墨〕去	去						030	3_194	声点は破音点	
20-059-01	白氏文集_神田本	269	217	麝	麝	蘭麝	蘭麝を			2	1	〔墨〕去	＊去	〔右〕〔墨B〕シヤ	＊シヤ				031	3_195		
20-059-01	白氏文集_神田本	270	218	馨	馨	馨香	馨香			1	2	〔墨〕平	平＊	〔右〕〔墨B〕ケイ	ケイ＊				031	3_195	顛倒符により「香馨」を「馨香」に訂正	
20-059-01	白氏文集_神田本	271	219	陳	陳	陳	陳シ		混種語	1	2	〔墨〕平	平						031	3_197		
20-059-01	白氏文集_神田本	272	220	樂	樂	苦樂	苦樂			2	2						〔右〕〻洛		031	3_197		
20-059-01	白氏文集_神田本	273	221	難	難	難	難			1	2	〔墨〕平	平						031	3_200		
20-059-01	白氏文集_神田本	274	222	覆	覆	反覆	反覆の			2	2	〔墨〕入軽	＊入軽						031	3_201		
20-059-01	白氏文集_神田本	275	223	羲	羲	羲和	羲和			1	1	〔墨〕平軽	平軽＊	〔右〕〔墨B〕キ	キ＊				032	3_203		
20-059-01	白氏文集_神田本	276	224	死	死	死	死ヨリ			1	1			〔右〕〔墨B〕シ	シ				032	3_203		
20-059-01	白氏文集_神田本	277	225	漢	漢	西漢	西漢の			2	2	〔墨〕去	＊去						032	3_205		
20-059-01	白氏文集_神田本	278	226	凌	𭰗	凌	𭰗シ		混種語	1	2	〔墨〕平	平						032	3_205		
20-059-01	白氏文集_神田本	279	227	替	賛	替	替(シ)て		混種語	1	2	〔墨〕去	去	〔右〕〔墨A〕テイ	テイ				032	3_205	字体「賛」に作るが、「替」の誤り、時賢本「替」。	
20-059-01	白氏文集_神田本	280	228	暗	暗	微暗	𭗒暗			2	2			〔右〕〔墨B〕アン	＊アン				032	3_206		
20-059-01	白氏文集_神田本	281	229	煌	煌	煌々	煌々とシて			1	2	〔墨〕平	平＊						032	3_206		
20-059-01	白氏文集_神田本	282	230	芒	芒	芒	芒			1	2	〔墨〕平濁1	平濁	〔右〕〔墨B〕ハウ	ハウ				032	3_206		
20-059-01	白氏文集_神田本	283	231	角	⻆	角	⻆を			1	2	〔墨〕入軽	入軽						032	3_207		
20-059-01	白氏文集_神田本	284	232	上	上	上台	上台			1	2	〔墨〕去	去＊						032	3_207		
20-059-01	白氏文集_神田本	285	233	中	中	中台	中台			1	2	〔墨〕平軽	平軽＊						032	3_207		
20-059-01	白氏文集_神田本	286	234	慶	慶	慶雲	慶雲			1	2	〔墨〕去	去＊						033	3_209	去声点に墨筆・角筆合点あり。	
20-059-01	白氏文集_神田本	287	235	壽	壽	壽星	壽星			1	2	〔墨〕去	去＊						033	3_209		
20-059-01	白氏文集_神田本	288	236	時	時	時變	時變スル		混種語	1	1	〔墨〕平	平去						033	3_210		
20-059-01	白氏文集_神田本	289	236	變	變	時變	時變スル		混種語	2	2	〔墨〕去／〔角〕去	平去						033	3_210		
20-059-01	白氏文集_神田本	291	237	蝗	蝗	捕蝗	捕蝗ハ			2	2	〔墨〕平	＊平						033	3_212		
20-059-01	白氏文集_神田本	292	238	興	興	興元	興元			1	2	〔墨〕平軽	平軽＊						033	3_214		
20-059-01	白氏文集_神田本	293	239	和	和	和氣	和氣			1	1	〔墨〕平	平去						033	3_214		
20-059-01	白氏文集_神田本	294	239	氣	氣	和氣	和氣			2	1	〔墨〕去	平去						033	3_214		
20-059-01	白氏文集_神田本	295	240	蠱	蠱	蠱蠹	蠱蠧シテ		混種語	1	1	〔墨〕上	上去	〔右〕〔墨A〕コ	コト				033	3_214		
20-059-01	白氏文集_神田本	296	240	蠹	蠧	蠱蠹	蠱蠧シテ		混種語	2	1	〔墨〕去	上去	〔右〕〔墨A〕ト	コト				033	3_214		
20-059-01	白氏文集_神田本	297	241	蝗	蝗	蝗	蝗と			1	2	〔墨〕去／〔角〕去	去						033	3_215		
20-059-01	白氏文集_神田本	298	242	蠶	蝅	蠶	蝅の			1	2			〔右〕〔墨B〕サム／〔右〕〔角〕サム	サム				033	3_215		
20-059-01	白氏文集_神田本	299	243	土	圡	赤土	赤圡ノミナリ			2	1			〔右〕〔墨A〕ト	＊ト				034	3_217		
20-059-01	白氏文集_神田本	300	244	蝗	蝗	蝗虫	蝗虫を			1	2	〔墨〕去	去＊						034	3_218		
20-059-01	白氏文集_神田本	301	245	粟	粟	粟	粟			1	2	〔墨〕入軽	入軽						034	3_218		
20-059-01	白氏文集_神田本	302	246	利	利	利	利アラム／利カアル			1	1	〔墨〕去	去						034	3_219		
20-059-01	白氏文集_神田本	303	247	勞	勞	勞費	勞費セシム		混種語	1	2	〔墨〕去	去去						034	3_220		
20-059-01	白氏文集_神田本	304	247	費	費	勞費	勞費セシム		混種語	2	1	〔墨〕去	去去						034	3_220		
20-059-01	白氏文集_神田本	305	248	善	善	善政	善政			1	2	〔墨〕去	去去						034	3_221		
20-059-01	白氏文集_神田本	306	248	政	政	善政	善政			2	2	〔墨〕去	去去						034	3_221		
20-059-01	白氏文集_神田本	307	249	慶	慶	慶	慶			1	2	〔墨〕去	去						035	3_223		
20-059-01	白氏文集_神田本	308	250	兆	𡉵	兆人	𡉵人			1	2	〔墨〕去	去＊						035	3_223		
20-059-01	白氏文集_神田本	309	251	流	𣴑	流	𣴑			1	2	〔墨〕平	平						035	3_226		
20-059-01	白氏文集_神田本	310	252	滉	滉	滉瀁	滉瀁たり			1	2	〔墨〕上／〔墨〕去	上上／上去／去去／去上		＊ヤウ	〔右〕玉胡曠反			035	3_227	去声点に墨筆合点あり。	
20-059-01	白氏文集_神田本	311	252	瀁	瀁	滉瀁	滉瀁たり			2	2	〔墨〕去／〔角〕上	上上／上去／去去／去上	〔右〕〔墨B〕ヤウ	＊ヤウ				035	3_227		
20-059-01	白氏文集_神田本	312	253	奫	奫	奫淪	奫淪たり			1	2	〔墨〕平軽	平軽＊	〔右〕〔墨A〕ヰン	ヰンリム				035	3_227		
20-059-01	白氏文集_神田本	313	253	淪	淪	奫淪	奫淪たり			2	2		平軽＊	〔右〕〔墨B〕リム	ヰンリム				035	3_227		
20-059-01	白氏文集_神田本	314	254	旱	旱	旱	旱に			1	2	〔墨〕去	去						035	3_228		
20-059-01	白氏文集_神田本	315	255	喣	喣	喣	喣(ス)		混種語	1	1	〔墨〕去	去	〔右〕〔墨A〕ク	ク				035	3_228		
20-059-01	白氏文集_神田本	316	256	撥	撥	撥撥	撥々とシて			1	2	〔墨〕入軽	入軽＊	〔右〕〔墨B〕ハツ	ハツ＊				036	3_230		
20-059-01	白氏文集_神田本	317	257	杜	杜	杜若	杜若			1	1	〔墨〕去	去＊						036	3_231		
20-059-01	白氏文集_神田本	318	258	長	長	長	長シ		混種語	1	2	〔墨〕上	上						036	3_231		
20-059-01	白氏文集_神田本	319	259	性	性	性	性			1	2	〔墨〕去	去						036	3_232		
20-059-01	白氏文集_神田本	320	260	網	䋄 	網罟	䋄罟の			1	2	〔墨〕上濁1／〔角〕上濁2	上濁上	〔右〕〔墨B〕ハウ／〔右〕〔角〕ハウ	ハウコ				036	3_233		
20-059-01	白氏文集_神田本	321	260	罟	罟	網罟	䋄罟の			2	1	〔墨〕上	上濁上	〔右〕〔墨B〕コ／〔右〕〔角〕コ	ハウコ				036	3_233		
20-059-01	白氏文集_神田本	322	261	利	利	利	利を			1	1	〔墨〕去	去						036	3_233		
20-059-01	白氏文集_神田本	323	262	征	征	征	征を			1	2	〔墨〕平軽	平軽						036	3_234		
20-059-01	白氏文集_神田本	324	263	租	租	租	租			1	1	〔墨〕平	平						036	3_235		
20-059-01	白氏文集_神田本	325	264	税	⿰禾𭀘	税	[⿰禾𭀘]			1	2	〔墨〕去	去	〔右〕〔墨B〕セイ／〔右〕〔角〕セイ	セイ				036	3_235		
20-059-01	白氏文集_神田本	326	265	率	卛	率土	卛圡			1	2	〔墨〕入軽／〔角〕入軽	入軽＊						036	3_236		
20-059-01	白氏文集_神田本	327	266	欣	欣	欣々	欣々タラシメム			1	2	〔墨〕平／〔角〕平	平＊						037	3_238		
20-059-01	白氏文集_神田本	328	267	呉	吴	呉興山	吴興山の			1	1	〔墨〕平	平平軽＊						037	3_238		
20-059-01	白氏文集_神田本	329	267	興	興	呉興山	吴興山の			2	2	〔墨〕平軽／〔角〕平軽	平平軽＊						037	3_238		
20-059-01	白氏文集_神田本	330	268	攉	攉	攉	攉			1	2	〔墨〕入軽	入軽						037	3_238		
20-059-01	白氏文集_神田本	331	269	茗	茗	茗	茗			1	2	〔墨〕上	上	〔左〕〔墨B〕メイ／〔左〕〔角〕メイ	メイ				037	3_238		
20-059-01	白氏文集_神田本	332	270	鄱	⿱艹鄱	鄱陽坑	[⿱艹鄱]陽坑の			1	1	〔墨〕平	平平平軽						037	3_238		
20-059-01	白氏文集_神田本	333	270	陽	陽	鄱陽坑	[⿱艹鄱]陽坑の			2	2	〔墨〕平	平平平軽						037	3_238		
20-059-01	白氏文集_神田本	334	270	坑	坑	鄱陽坑	[⿱艹鄱]陽坑の			3	2	〔墨〕平軽	平平平軽						037	3_238		
20-059-01	白氏文集_神田本	335	271	涯	涯	天涯	天涯			2	2	〔墨〕平	＊平						037	3_239		
20-059-01	白氏文集_神田本	336	272	利	利	利	利ヲ			1	1	〔墨〕去／〔角〕去	去						037	3_239	墨筆去声点に合点あり。	
20-059-01	白氏文集_神田本	337	273	制	制	制	制ヲハ			1	2	〔墨〕去	去						037	3_239		
20-059-01	白氏文集_神田本	338	274	煕	𠘕	煕煕	𠘕々とて			1	1	〔墨〕平軽	平軽＊	〔右〕〔墨A〕キ	キ＊				037	3_239		
20-059-01	白氏文集_神田本	339	275	度	度	節度	莭度			2	1	〔墨〕去	＊去						037	3_243		
20-059-01	白氏文集_神田本	340	276	鉢	鉢	鉢闡布	鉢闡布			1	2	〔墨〕入軽	入軽上去	〔右〕〔墨B〕ハツ／〔右〕〔角〕ハツ	ハツセム＊				037	3_243		
20-059-01	白氏文集_神田本	341	276	闡	闡	鉢闡布	鉢闡布			2	2	〔墨〕上	入軽上去	〔右〕〔角〕セム	ハツセム＊				037	3_243		
20-059-01	白氏文集_神田本	342	276	布	布	鉢闡布	鉢闡布			3	1	〔墨〕去	入軽上去		ハツセム＊				037	3_243		
20-059-01	白氏文集_神田本	343	277	要	要	要路	要路に			1	2	〔墨〕去	去＊						037	3_243		
20-059-01	白氏文集_神田本	344	278	傳	傳	傳	傳を			1	2	〔墨〕去	去						038	3_244		
20-059-01	白氏文集_神田本	345	279	贊	賛	贊普	賛普			1	2	〔墨〕去	去上						038	3_244		
20-059-01	白氏文集_神田本	346	279	普	普	贊普	賛普			2	1	〔墨〕上	去上						038	3_244		
20-059-01	白氏文集_神田本	347	280	聞	聞	聞	聞ス／聞す		混種語	1	2	〔朱〕平	平						038	3_244		
20-059-01	白氏文集_神田本	348	281	牙	牙	牙	牙を			1	1	〔墨〕平	平						038	3_244		
20-059-01	白氏文集_神田本	349	282	箭	箭	箭	箭を			1	2	〔墨〕去	去						038	3_244		
20-059-01	白氏文集_神田本	350	283	赭	赭	赭面	赭面て			1	1	〔墨〕上	上＊	〔右〕〔墨A〕シヤ	シヤ＊				038	3_244		
20-059-01	白氏文集_神田本	351	284	載	載	十餘載	十餘載			3	2	〔墨〕去	＊＊去	〔右〕〔墨B〕サイ／〔右〕〔角〕サイ	＊＊サイ				038	3_246		
20-059-01	白氏文集_神田本	352	285	袵	袵	左袵	左袵			2	2	〔墨〕上濁1	＊上濁	〔右〕〔墨B〕シム／〔右〕〔角〕シム	＊シム				038	3_246		
20-059-01	白氏文集_神田本	353	286	氈	氊	氈裘	氊裘			1	2	〔墨〕平軽	平軽平				〔右〕〻千		038	3_246		
20-059-01	白氏文集_神田本	354	286	裘	裘	氈裘	氊裘			2	2	〔墨〕平	平軽平						038	3_246		
20-059-01	白氏文集_神田本	355	287	戍	戍	戍人	戍人			1	2	〔墨〕去	去＊	〔右〕〔墨B〕シウ	シウ＊				038	3_248		
20-059-01	白氏文集_神田本	356	288	復	復	復	復			1	1	〔墨〕去	去						038	3_249		
20-059-01	白氏文集_神田本	357	289	辨	辨	辨	辨セむ		混種語	1	2	〔墨〕去	去						038	3_249		
20-059-01	白氏文集_神田本	358	290	鄜	鄜	鄜州	鄜州の			1	1	〔墨〕平軽	平軽平	〔右〕〔墨A〕ヘウ	ヘウ＊				038	3_249		
20-059-01	白氏文集_神田本	359	290	州	州	鄜州	鄜州の			2	2	〔墨〕平	平軽平		ヘウ＊				038	3_249		
20-059-01	白氏文集_神田本	360	291	黃	黄	黃蓍	黄蓍			1	2	〔墨〕去	去上濁	〔右〕〔墨B〕ワウ／〔右〕〔角〕ワウ	ワウキ				038	3_250		
20-059-01	白氏文集_神田本	361	291	耆	蓍	黃耆	黄蓍			2	1	〔墨〕上濁1	去上濁	〔右〕〔墨B〕キ	ワウキ				038	3_250		
20-059-01	白氏文集_神田本	362	292	按	按	按	按シ		混種語	1	2	〔墨〕去	去	〔左〕〔墨B〕アン／〔左〕〔角〕アン	アン				039	3_251		
20-059-01	白氏文集_神田本	363	293	圖	圖	圖	圖を			1	1	〔墨〕平	平						039	3_251		
20-059-01	白氏文集_神田本	364	294	將	将	將略	将略			1	2	〔墨〕去	去＊						039	3_252		
20-059-01	白氏文集_神田本	365	295	廟	廟	廟謀	廟謀			1	2	〔墨〕去	去平						039	3_252		
20-059-01	白氏文集_神田本	366	295	謀	謀	廟謀	廟謀			2	2	〔墨〕平	去平						039	3_252		
20-059-01	白氏文集_神田本	367	296	中	中	中宗	中宗の			1	2	〔墨〕去	去＊						039	3_252		
20-059-01	白氏文集_神田本	368	297	猖	猖	猖狂	猖狂シて		混種語	1	2	〔墨〕平軽	平軽平	〔右〕〔墨B〕シヤウ／〔右〕〔角〕シヤウ	シヤウ＊				039	3_253		
20-059-01	白氏文集_神田本	369	297	狂	狂	猖狂	猖狂シて		混種語	2	2	〔墨〕平	平軽平		シヤウ＊				039	3_253		
20-059-01	白氏文集_神田本	370	298	制	制	制	制シ		混種語	1	2	〔墨〕去	去						039	3_253		
20-059-01	白氏文集_神田本	371	299	韓	韓	韓公	韓公			1	2	〔墨〕平	平＊						039	3_253		
20-059-01	白氏文集_神田本	372	300	受	受	受降城	受降城を			1	2	〔墨〕去	去＊＊						039	3_253		
20-059-01	白氏文集_神田本	373	301	屯	屯	屯	屯セリ／屯す		混種語	1	2			〔右〕〔墨B〕トン	トン				039	3_254		
20-059-01	白氏文集_神田本	374	302	將	将	邊將	𨕙将			2	2	〔墨〕去	＊去						039	3_255		
20-059-01	白氏文集_神田本	375	303	強	强	強兵	强兵を			1	2	〔墨〕平(見消・角)	平＊						039	3_256		
20-059-01	白氏文集_神田本	376	304	襃	⿸广𧛱	襃贈	[⿸广𧛱]贈			1	2	〔墨〕平軽	平軽去						039	3_257		
20-059-01	白氏文集_神田本	377	304	贈	贈	襃贈	[⿸广𧛱]贈			2	2	〔墨〕去	平軽去						039	3_257		
20-059-01	白氏文集_神田本	378	305	聞	聞	聞	聞セム		混種語	1	2	〔墨〕平	平						040	3_258		漢語と見られるもののみ残しました。
20-059-01	白氏文集_神田本	379	306	矮	矮	矮奴	矮奴と			1	2	〔墨〕上	上＊	〔右〕〔墨A〕ワイ	ワイ＊	〔欄外〕烏懈反			040	3_261	反切は259行目にあり	
20-059-01	白氏文集_神田本	380	307	任	任	任土	任圡ノ			1	2	〔墨〕去	去上						040	3_261		
20-059-01	白氏文集_神田本	381	307	土	圡	任土	任圡ノ			2	1	〔墨〕上	去上						040	3_261		
20-059-01	白氏文集_神田本	382	308	貢	貢	貢	貢			1	2	〔墨〕去	去						040	3_261		
20-059-01	白氏文集_神田本	383	309	哭	𡘈	哭	𡘈す		混種語	1	2	〔墨〕入軽	入軽						040	3_262		
20-059-01	白氏文集_神田本	384	310	哭	𡘈	哭	𡘈す		混種語	1	2	〔墨〕入軽	入軽						040	3_263		
20-059-01	白氏文集_神田本	385	311	守	守	守	守シ		混種語	1	2	〔墨〕去	去						040	3_263		
20-059-01	白氏文集_神田本	386	312	郡	郡	郡	郡に			1	2	〔墨〕去	去						040	3_263		
20-059-01	白氏文集_神田本	387	313	矮	矮	矮奴	矮奴を			1	2	〔墨〕上	上＊						040	3_263		
20-059-01	白氏文集_神田本	388	314	問	問	詔問	詔問ス／詔問セラル		混種語	2	2	〔墨〕平(削除)／〔墨〕去	＊平／＊去						040	3_264		
20-059-01	白氏文集_神田本	389	315	土	圡	任土	任圡ハ／任圡に			2	1	〔墨〕上	＊上						040	3_264		
20-059-01	白氏文集_神田本	390	316	矮	矮	矮民	矮民ノミ			1	2	〔墨〕上	上＊						041	3_265		
20-059-01	白氏文集_神田本	391	317	悟	悟	感悟	感悟(シ)て		混種語	2	1	〔墨〕去	＊去	〔右〕〔角〕コ	＊コ				041	3_266		
20-059-01	白氏文集_神田本	392	318	馴	馴	馴馴	馴々			1	2	〔墨〕平	平＊						042	3_272		
20-059-01	白氏文集_神田本	393	318	犀	犀	犀犀	犀々			1	2	〔墨〕平軽	平軽＊						042	3_272		
20-059-01	白氏文集_神田本	394	319	軀	軀	軀㒵	軀㒵は			1	1	〔墨〕平軽	平軽去						042	3_272		
20-059-01	白氏文集_神田本	395	319	㒵	㒵	軀㒵	軀㒵は			2	2	〔墨〕去	平軽去						042	3_272		
20-059-01	白氏文集_神田本	396	320	傳	傳	傳	傳に			1	2	〔墨〕去	去	〔右〕〔角〕テン	テン				042	3_273		
20-059-01	白氏文集_神田本	397	321	獻	𭸣	獻	𭸣スルに／𭸣するに		混種語	1	2	〔墨〕去	去						042	3_275		
20-059-01	白氏文集_神田本	398	322	譯	譯	六譯	六譯の			2	2			〔右〕〔墨B〕エキ／〔右〕〔角〕エキ	＊エキ				042	3_275		
20-059-01	白氏文集_神田本	399	323	上	上	上	上			1	2	〔墨〕去	去						042	3_275		
20-059-01	白氏文集_神田本	400	324	館	舘	館	舘セシメ		混種語	1	2	〔墨〕去	去	〔右〕〔墨B〕クワン	クワン				042	3_276		
20-059-01	白氏文集_神田本	401	325	馴	馴	馴犀	馴犀			1	2	〔墨〕平	平＊						042	3_278		
20-059-01	白氏文集_神田本	402	326	苦	苦	苦寒	苦寒			1	1	〔墨〕上	上＊						043	3_280		
20-059-01	白氏文集_神田本	403	327	踡	踡	踡跼	踡跼す		混種語	1	2	〔墨〕平	平入軽						043	3_280		
20-059-01	白氏文集_神田本	404	327	跼	跼	踡跼	踡跼す		混種語	2	2	〔墨〕入軽	平入軽				〔右〕〻曲		043	3_280		
20-059-01	白氏文集_神田本	405	328	馴	馴	馴犀	馴犀			1	2	〔墨〕平	平＊						043	3_281		
20-059-01	白氏文集_神田本	406	329	犀	犀	馴犀	馴犀			2	2			〔右〕〔墨A〕サイ(見消)	＊サイ				043	3_285		
20-059-01	白氏文集_神田本	407	330	犀	犀	犀	犀ハ			1	2	〔墨〕去	去						044	3_286		
20-059-01	白氏文集_神田本	408	331	冷	冷	冷々	冷々たり			1	2	〔墨〕平	平＊						044	3_291		
20-059-01	白氏文集_神田本	409	332	掩	掩	掩抑	掩[⿰扌𭅴]ス／掩[⿰扌𭅴]タリ／掩[⿰扌𭅴]たり		混種語	1	2	〔墨〕上	上入軽						044	3_292		
20-059-01	白氏文集_神田本	410	332	抑	⿰扌𭅴	掩抑	掩[⿰扌𭅴]ス／掩[⿰扌𭅴]タリ／掩[⿰扌𭅴]たり		混種語	2	2	〔墨〕入軽	上入軽						044	3_292		
20-059-01	白氏文集_神田本	411	333	瀧	瀧	瀧水	瀧水			1	2	〔墨〕上	上＊						044	3_292		
20-059-01	白氏文集_神田本	412	334	淒	淒	淒淒	淒々			1	2			〔右〕〔角〕セイ	セイ＊				045	3_293		
20-059-01	白氏文集_神田本	413	335	錚	⿰金争	錚錚	[⿰金争]々たり			1	2	〔墨〕平軽	平軽＊	〔右〕〔墨A〕サウ	サウ＊				045	3_293		
20-059-01	白氏文集_神田本	414	336	鐵	䥫	鐵	䥫			1	2	〔角〕入軽	入軽						045	3_293		
20-059-01	白氏文集_神田本	415	337	鐵	䥫	鐵	䥫ノ			1	2	〔墨〕入	入						045	3_294		
20-059-01	白氏文集_神田本	416	338	殺	𭣰	殺	𭣰に(シ)て／𭣰シテ			1	2	〔墨〕入軽	入軽						045	3_294		
20-059-01	白氏文集_神田本	417	339	膚	膚	膚血	膚𮕜			1	1	〔墨〕平	平入軽	〔右〕〔墨A〕フ	フクヱツ				045	3_295		
20-059-01	白氏文集_神田本	418	339	血	𮕜	膚血	膚𮕜			2	2	〔墨〕入軽	平入軽	〔右〕〔角〕クヱツ	フクヱツ				045	3_295		
20-059-01	白氏文集_神田本	419	340	中	中	中	中て			1	2	〔墨〕去	去						045	3_295	声点は破音点	
20-059-01	白氏文集_神田本	420	341	唧	唧	唧唧	唧々			1	2	〔墨〕入	入＊	〔右〕〔墨B〕セツ／〔右〕〔角〕セツ／〔左〕〔角〕セツ	セツセツ				045	3_297		
20-059-01	白氏文集_神田本	421	341	唧	〻(唧)	唧唧	唧々			2	2		入＊	〔右〕〔角〕セツ	セツセツ				045	3_297		
20-059-01	白氏文集_神田本	422	342	咨	咨	咨咨	咨々			1	1			〔右〕〔角〕シ	シ＊				045	3_297		
20-059-01	白氏文集_神田本	423	343	美	𫟈	美	𫟈なりと			1	1	〔墨〕上	上						046	3_300		
20-059-01	白氏文集_神田本	424	344	彈	彈	彈	彈シ		混種語	1	2	〔墨〕平	平						046	3_301		
20-059-01	白氏文集_神田本	425	345	唱	唱	唱	唱シて		混種語	1	2	〔墨〕去	去						046	3_301		
20-059-01	白氏文集_神田本	426	346	三	三	再三	再三			2	2	〔墨〕去	＊去						046	3_302		
20-059-01	白氏文集_神田本	427	347	節	節	節	節			1	2	〔墨〕入軽	入軽						046	3_302		
20-059-01	白氏文集_神田本	428	348	洩	⿰氵曵	洩洩	[⿰氵曵]々とシて			1	2	〔墨〕去	去＊	〔右〕〔墨A〕エイ	エイ＊				046	3_302		
20-059-01	白氏文集_神田本	429	349	五	五	五	五ニハ／五に			1	1	〔墨〕上	上						046	3_305		
20-059-01	白氏文集_神田本	430	350	嶲	嶲	嶲州	嶲州の			1	2	〔墨〕上	上＊				〔右〕〻水		047	3_307		
20-059-01	白氏文集_神田本	431	351	將	将	將	将			1	2	〔墨〕去	去						047	3_308		
20-059-01	白氏文集_神田本	432	352	表	表	表賀	表賀す		混種語	1	2	〔墨〕上	上＊						047	3_309		
20-059-01	白氏文集_神田本	433	353	詔	詔	六詔	六詔の			2	2	〔墨〕去	＊去						047	3_309		
20-059-01	白氏文集_神田本	434	354	蠻	蠻	蠻	蠻			1	2	〔墨〕平	平						047	3_309		
20-059-01	白氏文集_神田本	435	355	䍧	䍧	䍧牱	䍧牱			1	2	〔墨〕平	平平	〔右〕〔角〕シヤウ	シヤウカ				047	3_309		
20-059-01	白氏文集_神田本	436	355	牱	牱	䍧牱	䍧牱			2	1	〔墨〕平	平平	〔右〕〔角〕カ	シヤウカ				047	3_309		
20-059-01	白氏文集_神田本	437	356	蕃	蕃	蕃	蕃に			1	2	〔角〕平	平						047	3_310		
20-059-01	白氏文集_神田本	438	357	詔	詔	六詔	六詔			2	2	〔墨〕去	＊去						047	3_310		
20-059-01	白氏文集_神田本	439	358	瑣	𤨏	瑣碎	𤨏碎なり			1	1		＊去	〔右〕〔角〕サ	ササイ				047	3_310		
20-059-01	白氏文集_神田本	440	358	碎	碎	瑣碎	𤨏碎なり			2	2	〔墨〕去	＊去	〔右〕〔墨B〕サイ／〔右〕〔角〕サイ	ササイ				047	3_310		
20-059-01	白氏文集_神田本	441	359	屈	屈	屈強	屈強にて			1	2	〔墨〕入軽	入軽去	〔右〕〔墨A〕クツ	クツ＊				047	3_311		
20-059-01	白氏文集_神田本	442	359	強	強	屈強	屈強にて			2	2	〔墨〕去	入軽去		クツ＊				047	3_311		
20-059-01	白氏文集_神田本	443	360	于	于	鮮于仲通	鮮于仲通が			2	1	〔墨〕平	＊平						047	3_312		
20-059-01	白氏文集_神田本	444	361	征	征	征	征を			1	2	〔墨〕平軽	平軽						047	3_312		
20-059-01	白氏文集_神田本	445	362	陣	陣	一陣	一陣			2	2	〔墨〕去	＊去						047	3_312		
20-059-01	白氏文集_神田本	446	363	洱	洱	西洱河	西洱河の			2	1	〔墨〕去	＊去＊	〔右〕〔墨A〕シ	＊シ＊	〔右〕而止反			047	3_313		
20-059-01	白氏文集_神田本	447	363	洱	洱	西洱河	西洱河に			2	1	〔墨〕去	＊去＊	〔右〕〔墨A〕シ	＊シ＊				048	3_314		
20-059-01	白氏文集_神田本	448	364	覆	䨱	覆没	䨱没たり			1	2	〔墨〕入軽	入軽＊						048	3_314		
20-059-01	白氏文集_神田本	449	365	蠻	蠻	蠻	蠻			1	2	〔墨〕平	平						048	3_315		
20-059-01	白氏文集_神田本	450	366	誘	誘	誘論	誘論の			1	2	〔墨〕上	上去	〔右〕〔角〕イウ	イウ＊				048	3_316		
20-059-01	白氏文集_神田本	451	366	諭	諭	誘論	誘論の			2	1	〔墨〕去	上去		イウ＊				048	3_316		
20-059-01	白氏文集_神田本	452	367	些	些	磨些	磨些			2	2	〔墨〕平	＊平	〔右〕〔墨A〕サ	＊サ				048	3_317		
20-059-01	白氏文集_神田本	453	368	隈	隈	雙隈伽	𩀱隈伽			2	2	〔墨〕平軽	＊平軽平	〔右〕〔墨A〕ワイ	＊ワイカ				048	3_318		
20-059-01	白氏文集_神田本	454	368	伽	伽	雙隈伽	𩀱隈伽			3	1	〔墨〕平	＊平軽平	〔右〕〔墨A〕カ	＊ワイカ				048	3_318		
20-059-01	白氏文集_神田本	455	369	持	持	持	持セリ／持せり		混種語	1	1	〔墨〕平	平						048	3_318		
20-059-01	白氏文集_神田本	456	370	將	将	大軍將	大軍将は			3	2	〔墨〕去	＊＊去						048	3_318		
20-059-01	白氏文集_神田本	457	371	咄	⿰口𡈽	金咄嗟	金[⿰口𡈽]𭉈を			2	2	〔墨〕入軽	＊入軽平軽	〔右〕〔墨A〕トチ	＊トチ＊				048	3_319		
20-059-01	白氏文集_神田本	458	371	嗟	𭉈	金咄嗟	金[⿰口𡈽]𭉈を			3	1	〔墨〕平軽	＊入軽平軽		＊トチ＊				048	3_319		
20-059-01	白氏文集_神田本	459	372	尋	尋	異牟尋	異牟尋が			3	2	〔墨〕平	＊＊平						048	3_319		
20-059-01	白氏文集_神田本	460	373	閣	閣	尋閣勸	尋閣𭄿			2	2	〔墨〕入軽	＊入軽去	〔右〕〔墨A〕カク	＊カク＊				048	3_319		
20-059-01	白氏文集_神田本	461	373	勸	𭄿	尋閣勸	尋閣𭄿			3	2	〔墨〕去	＊入軽去		＊カク＊				048	3_319		
20-059-01	白氏文集_神田本	462	374	對	𭔸	對	𭔸ス		混種語	1	2	〔墨〕去	去						048	3_319		
20-059-01	白氏文集_神田本	463	375	冕	冕	冕旒	冕旈			1	2	〔墨〕上	上平		＊リウ				049	3_321		
20-059-01	白氏文集_神田本	464	375	旒	旈	冕旒	冕旈			2	2	〔角〕平	上平	〔右〕〔角〕リウ／〔左〕〔角〕リウ	＊リウ				049	3_321		
20-059-01	白氏文集_神田本	465	376	徠	倈	勞徠	勞徠ス		混種語	2	2	〔墨〕去	＊去	〔右〕〔角〕ライ	＊ライ				49	3_321	本文「去聲」の注あり	
20-059-01	白氏文集_神田本	466	377	對	𭔸	對	𭔸セリ		混種語	1	2	〔墨〕去	去						049	3_322		
20-059-01	白氏文集_神田本	467	378	對	𭔸	對	𭔸スルコト		混種語	1	2	〔墨〕去	去						049	3_323		
20-059-01	白氏文集_神田本	468	379	驃	驃	驃國樂	驃國樂			1	2	〔朱〕去	去＊＊						049	3_324		
20-059-01	白氏文集_神田本	469	380	驃	驃	驃王	驃王			1	2	〔墨〕去	去＊						049	3_325		
20-059-01	白氏文集_神田本	470	381	雍	雍	雍差	雍𭅒が			1	2	〔墨〕平	平平軽		＊サ				049	3_325		
20-059-01	白氏文集_神田本	471	381	差	𭅒	雍差	雍𭅒が			2	1	〔墨〕平軽	平平軽	〔右〕〔墨A〕サ	＊サ				049	3_326		
20-059-01	白氏文集_神田本	472	382	舒	舒	舒難阤	舒難陁			1	1	〔墨〕平	平平平		＊＊タ				049	3_326		
20-059-01	白氏文集_神田本	473	382	難	難	舒難阤	舒難陁			2	2	〔墨〕平	平平平		＊＊タ				049	3_326		
20-059-01	白氏文集_神田本	474	382	陀	陀	舒難阤	舒難陁			3	1	〔角〕平	平平平	〔右〕〔角〕タ	＊＊タ				049	3_326		
20-059-01	白氏文集_神田本	475	383	獻	𭸣	獻	𭸣シテ		混種語	1	2	〔墨〕去	去						049	3_326		
20-059-01	白氏文集_神田本	476	384	正	正	正朔	正𦙚に			1	2	〔墨〕去	去＊						049	3_326		
20-059-01	白氏文集_神田本	477	385	宗	宗	德宗	徳宗			2	2	〔墨〕平軽	＊平軽						049	3_327		
20-059-01	白氏文集_神田本	478	386	仗	仗	仗	仗を			1	2	〔墨〕去	去						049	3_327		
20-059-01	白氏文集_神田本	479	387	黈	黈	黈纊	黈纊			1	2	〔墨〕上	上去	〔左〕〔墨A〕トウ	トウ＊				049	3_327		
20-059-01	白氏文集_神田本	480	387	纊	纊	黈纊	黈纊			2	2	〔墨〕去	上去		トウ＊				049	3_327		
20-059-01	白氏文集_神田本	481	388	螺	螺	玉螺	玉螺			2	1	〔墨〕平	＊平	〔右〕〔墨A〕ラ	＊ライ				049	3_327		
20-059-01	白氏文集_神田本	482	389	椎	椎	椎髻	椎[⿰⿱镸彡古]			1	2	〔墨〕平	平去	〔右〕〔墨A〕ツイ	ツイ＊				049	3_327		
20-059-01	白氏文集_神田本	483	389	髻	⿰⿱镸彡古	椎髻	椎[⿰⿱镸彡古]			2	2	〔墨〕去	平去		ツイ＊				049	3_327		
20-059-01	白氏文集_神田本	484	390	文	文	文身	文身			1	2	〔墨〕去	去＊						049	3_327		
20-059-01	白氏文集_神田本	485	391	珠	珠	珠瓔	珠瓔			1	2	〔墨〕平軽	平軽＊		＊エイ				049	3_327		
20-059-01	白氏文集_神田本	486	391	瓔	瓔	珠瓔	珠瓔			2	2		平＊	〔右〕〔墨B〕エイ	＊エイ				050	3_328		
20-059-01	白氏文集_神田本	487	392	眩	眩	眩轉	眩轉(シ)て		混種語	1	2	〔墨〕去濁1	去濁＊						050	3_328		
20-059-01	白氏文集_神田本	488	393	宿	宿	星宿	星宿			2	2	〔墨〕去	＊去						050	3_328		
20-059-01	白氏文集_神田本	489	394	鬘	⿰⿱镸彡曼	花鬘	花[⿰⿱镸彡曼]			2	2	〔墨〕平／〔墨〕去	＊平／＊去						050	3_328	去声点に墨筆合点あり。	
20-059-01	白氏文集_神田本	490	395	斗	斗	斗藪	斗藪シて		混種語	1	2	〔墨〕上	上上		＊ソウ				050	3_328		
20-059-01	白氏文集_神田本	491	395	藪	藪	斗藪	斗藪シて		混種語	2	2	〔墨〕上	上上	〔右〕〔角〕ソウ	＊ソウ				050	3_328		
20-059-01	白氏文集_神田本	492	396	啓	唘	啓	唘す		混種語	1	2	〔墨〕上	上						050	3_329		
20-059-01	白氏文集_神田本	493	397	翕	翕	翕習	翕習たる			1	2	〔墨〕入	入入	〔右〕〔墨A〕キフ	キフ＊				050	3_330		
20-059-01	白氏文集_神田本	494	397	習	習	翕習	翕習たる			2	2	〔墨〕入	入入		キフ＊				050	3_330		
20-059-01	白氏文集_神田本	495	398	辟	辟	百辟	百辟			2	2	〔墨〕入軽	＊入軽	〔右〕〔墨A〕ヘキ	＊ヘキ				050	3_331		
20-059-01	白氏文集_神田本	496	399	俯	俯	俯伏	俯伏			1	1	〔墨〕上	上＊						050	3_331		
20-059-01	白氏文集_神田本	497	400	驃	驃	驃人	驃人の			1	2	〔墨〕去	去＊						050	3_331		
20-059-01	白氏文集_神田本	498	401	壤	壤	壤	壤を			1	2	〔墨〕上	上						050	3_332		
20-059-01	白氏文集_神田本	499	402	父	父	老農父	老農父			3	1	〔墨〕去	＊＊去						050	3_333		
20-059-01	白氏文集_神田本	500	403	濟	濟	濟	濟(シ)ツ		混種語	1	2	〔墨〕去	去						051	3_336		
20-059-01	白氏文集_神田本	501	404	苦	苦	疾苦	疾苦を			2	1	〔墨〕上	＊上						051	3_336		
20-059-01	白氏文集_神田本	502	405	憯	𢡚	憯悽	𢡚悽す		混種語	1	2	〔墨〕上	上平軽	〔右〕〔墨A〕サム	サムセイ				051	3_337		
20-059-01	白氏文集_神田本	503	405	悽	悽	憯悽	𢡚悽す		混種語	2	2	〔墨〕平軽	上平軽	〔右〕〔角〕セイ	サムセイ				051	3_337		
20-059-01	白氏文集_神田本	504	406	愷	愷	愷悌	愷悌なり			1	2	〔墨〕上	上去						051	3_337		
20-059-01	白氏文集_神田本	505	406	悌	悌	愷悌	愷悌なり			2	2	〔墨〕去	上去						051	3_337		
20-059-01	白氏文集_神田本	506	407	驃	驃	驃樂	驃樂ハ			1	2	〔墨〕去	去＊						051	3_337		
20-059-01	白氏文集_神田本	507	408	聞	聞	聞	聞すと		混種語	1	2	〔墨〕平	平						051	3_337		
20-059-01	白氏文集_神田本	508	409	芻	𦷝	芻蕘	𦷝蕘の			1	2			〔右〕〔角〕スウ	スウセウ				051	3_339		
20-059-01	白氏文集_神田本	509	409	蕘	𮏔	芻蕘	𦷝蕘の			2	2			〔右〕〔角〕セウ	スウセウ				051	3_339		
20-059-01	白氏文集_神田本	510	410	傳	傳	傳戎人	傳戎人			1	2	〔墨〕平	平＊＊						051	3_341		
20-059-01	白氏文集_神田本	511	411	矜	矝	矜憐	矝憐シテて		混種語	1	2	〔墨〕平軽	平軽平						051	3_341		
20-059-01	白氏文集_神田本	512	411	憐	憐	矜憐	矝憐シテて		混種語	2	2	〔墨〕平	平軽平						052	3_342		
20-059-01	白氏文集_神田本	513	412	使	使	小使	小使			2	1	〔墨〕去	去＊						052	3_343		
20-059-01	白氏文集_神田本	514	413	飡	飡	朝飡	朝飡			2	2	〔墨〕平軽	＊平軽				〔右〕〻山		052	3_344		
20-059-01	白氏文集_神田本	515	414	飢	飢	飢渴	飢渇シて		混種語	1	1	〔墨〕平／去	平＊／去＊						052	3_344	平声点に墨筆合点あり。去声点に角筆抹消あり。	
20-059-01	白氏文集_神田本	516	415	腥	腥	腥𦏛	腥[⿰羊𭆞]に			1	2	〔墨〕平軽	平軽平軽		＊サウ				052	3_345		
20-059-01	白氏文集_神田本	517	415	𦏛	⿰羊𭆞	腥𦏛	腥[⿰羊𭆞]に			2	2	〔墨〕平軽	平軽平軽	〔右〕〔墨A〕サウ	＊サウ				052	3_345		
20-059-01	白氏文集_神田本	518	416	床	床	床席	床𭙺を			1	2	〔墨〕平軽	平軽入						052	3_345		
20-059-01	白氏文集_神田本	519	416	席	𭙺	床席	床𭙺を			2	2	〔墨〕入	平軽入						052	3_345		
20-059-01	白氏文集_神田本	520	417	嗚	𭇩	嗚咽	𭇩𠰸シて		混種語	1	1	〔墨〕平軽	平軽入軽						052	3_346		
20-059-01	白氏文集_神田本	521	417	咽	𠰸	嗚咽	𭇩𠰸シて		混種語	2	2	〔墨〕入軽	平軽入軽						052	3_346		
20-059-01	白氏文集_神田本	522	418	伴	伴	同伴	同伴ノ			2	2	〔墨〕去	＊去						052	3_347		
20-059-01	白氏文集_神田本	523	419	郷	𡖖	郷貫	郷貫ハ			1	2			〔右〕〔角〕キヤウ	キヤウ＊				052	3_348		
20-059-01	白氏文集_神田本	524	420	載	載	四十載	四十載			3	2	〔墨〕去	＊＊去						053	3_349		
20-059-01	白氏文集_神田本	525	421	着	着	着	着キセて／着キて			1	2	〔墨〕入	入						053	3_350		
20-059-01	白氏文集_神田本	526	422	正	正	正朝	正朝ノミに			1	2	〔墨〕去	去＊						053	3_350		
20-059-01	白氏文集_神田本	527	423	服	服	服	服することを		混種語	1	2	〔墨〕入	入						053	3_350		
20-059-01	白氏文集_神田本	528	424	巾	巾	巾	巾カウフリを			1	2	〔墨〕平	平						053	3_351		
20-059-01	白氏文集_神田本	529	425	郷	𣩃	郷	郷に			1	2	〔墨〕平軽	平軽						053	3_351		
20-059-01	白氏文集_神田本	530	426	暹	暹	李如暹	李如暹			3	2	〔墨〕平軽	＊＊平軽	〔右〕〔墨A〕セム	＊＊セム				053	3_352		
20-059-01	白氏文集_神田本	531	427	正	正	正歳一日	正歳一日に			1	2	〔墨〕去	去＊＊＊						053	3_352		
20-059-01	白氏文集_神田本	532	428	蕃	蕃	蕃候	蕃𠋫			1	2	〔墨〕平	平去						053	3_354		
20-059-01	白氏文集_神田本	533	428	候	𠋫	蕃候	蕃𠋫			2	2	〔墨〕去	平去						053	3_354		
20-059-01	白氏文集_神田本	534	429	脱	⿰⺼𭀙	脱	[⿰⺼𭀙]シ		混種語	1	2	〔墨〕入軽	入軽						053	3_355		
20-059-01	白氏文集_神田本	535	430	漠	漠	大漠	大漠を			2	2	〔墨〕入軽	＊入軽						054	3_356		
20-059-01	白氏文集_神田本	536	431	鼙	⿰皷𤰞	鼙鼓	[⿰皷𤰞]鼓の			1	2	〔墨〕平	平＊	〔右〕ヘ□	ヘ□＊				054	3_358		
20-059-01	白氏文集_神田本	537	432	語	語	語	語スルコトヲことを		混種語	1	1	〔墨〕上	上						054	3_359		
20-059-01	白氏文集_神田本	538	433	配	配	配	配(セ)ラレ		混種語	1	2	〔墨〕去	去						054	3_359		
20-059-01	白氏文集_神田本	539	434	卑	𤰞	卑濕	𤰞濕の			1	1	〔墨〕去	去＊						054	3_360		
20-059-01	白氏文集_神田本	540	435	䘏	⿰𮕜⻏	存䘏	存[⿰𮕜⻏]スルコト		混種語	2	2						〔右〕〻出		054	3_360		
20-059-01	白氏文集_神田本	541	436	蕃	蕃	蕃	蕃に			1	2	〔墨〕平軽	平軽						054	3_362		
20-059-01	白氏文集_神田本	542	437	辛	辛	苦辛	苦辛す		混種語	2	2	〔墨〕平軽	平軽						055	3_365		
20-059-01	白氏文集_神田本	543	438	冤	寃	冤	寃			1	2	〔墨〕平軽	平軽						055	3_365		
20-059-01	白氏文集_神田本	544	439	語	語	語	語			1	1	〔墨〕上							055	3_366		
20-059-01	白氏文集_神田本	545	440	吐	吐	吐蕃	吐蕃の			1	1	〔墨〕上	上平						055	3_366		
20-059-01	白氏文集_神田本	546	440	蕃	蕃	吐蕃	吐蕃の			2	2	〔墨〕平	上平						055	3_366		
20-059-01	白氏文集_神田本	547	441	沃	𱦗	宴沃	宴𱦗			2	1	〔墨〕去	＊去	〔右〕〔墨B〕ヨ	＊ヨ				068	4_006	原文「沃(𱦗)」、正応本「飫」の誤りか。	
20-059-01	白氏文集_神田本	548	442	産	産	産	産			1	2	〔墨〕上	上						068	4_006		
20-059-01	白氏文集_神田本	549	443	爲	為	爲	為なり			1	1	〔墨〕去	去						068	4_009	声点は破音点	
20-059-01	白氏文集_神田本	550	444	爲	為	爲	為なり			1	1	〔墨〕去	去						068	4_010	声点は破音点	
20-059-01	白氏文集_神田本	551	445	鏡	鏡	百鍊鏡	百錬鏡ハ			3	2	〔墨〕去	＊＊去						068	4_011		
20-059-01	白氏文集_神田本	552	446	處	𠁅	處所	𠁅𬻐			1	1	〔墨〕去	去上						068	4_012		
20-059-01	白氏文集_神田本	553	446	所	𬻐	處所	𠁅𬻐			2	1	〔墨〕上	去上						068	4_012		
20-059-01	白氏文集_神田本	554	447	奇	竒	奇	竒なり			1	1	〔墨〕平	平						068	4_012		
20-059-01	白氏文集_神田本	555	448	瓊	⿰𤣩𭐬	瓊粉	[⿰𤣩𭐬]粉			1	2	〔墨〕平	平上						069	4_013		
20-059-01	白氏文集_神田本	556	448	粉	粉	瓊粉	[⿰𤣩𭐬]粉			2	2	〔墨〕上	平上						069	4_014		
20-059-01	白氏文集_神田本	557	449	獻	𭸣	獻	𭸣(セ)		混種語	1	2	〔墨〕去	去						069	4_015		
20-059-01	白氏文集_神田本	558	450	長	長	長吏	長吏			1	2	〔墨〕上	上＊						069	4_015		
20-059-01	白氏文集_神田本	559	451	鈿	鈿	鈿匣	鈿𲅚			1	2	〔墨〕平／〔墨〕去	平入軽／去入軽						069	4_015		
20-059-01	白氏文集_神田本	560	451	匣	𲅚	鈿匣	鈿𲅚			2	2	〔墨〕入軽	平入軽／去入軽						069	4_016		
20-059-01	白氏文集_神田本	561	452	函	凾	珠函	珠凾			2	2	〔墨〕平	＊平						069	4_016		
20-059-01	白氏文集_神田本	562	453	鎖	鏁	鎖	鏁セルコト		混種語	1	1			〔右〕〔墨A〕サ	サ				069	4_016		
20-059-01	白氏文集_神田本	563	454	激	激	激	激せり		混種語	1	2	〔墨〕入軽	入軽						070	4_021		
20-059-01	白氏文集_神田本	564	455	載	載	連載	連載て			2	2	〔墨〕去	＊去	〔右〕〔墨A〕サイ	＊サイ				070	4_022		
20-059-01	白氏文集_神田本	565	456	碣	碣	碣	碣			1	2	〔墨〕入軽	入軽	〔右〕〔墨A〕ケツ	ケツ				070	4_024		
20-059-01	白氏文集_神田本	566	457	碑	𥓓	碑	𥓓			1	1	〔墨〕平	平						070	4_025		
20-059-01	白氏文集_神田本	567	458	雕	雕	雕鏤	雕鏤セム		混種語	1	2	〔墨〕平軽	平軽去	〔右〕〔墨A〕テウ	テウロウ				070	4_026		
20-059-01	白氏文集_神田本	568	458	鏤	鏤	雕鏤	雕鏤セム		混種語	2	2	〔墨〕去	平軽去	〔右〕〔墨A〕ロウ	テウロウ				070	4_026		
20-059-01	白氏文集_神田本	569	459	矻	矻	矻	矻と(シ)て			1	2	〔墨〕入軽	入軽	〔右〕〔墨A〕キツ	キツ	〔左〕居乞反			071	4_028		
20-059-01	白氏文集_神田本	570	460	確	礭	確	礭と(シ)て			1	2			〔右〕〔墨A〕カク（「ク」不鮮明）	カク				071	4_028		
20-059-01	白氏文集_神田本	571	461	泚	泚	朱泚	朱泚を			2	2	〔墨〕上	＊上	〔右〕〔墨A〕セイ	＊セイ				071	4_029		
20-059-01	白氏文集_神田本	572	462	𠮟	叱	𠮟呵	叱呵セシ		混種語	1	2	〔墨〕入軽	入軽平						071	4_029		
20-059-01	白氏文集_神田本	573	462	呵	呵	𠮟呵	叱呵セシ		混種語	2	1	〔墨〕平	入軽平						071	4_029		
20-059-01	白氏文集_神田本	574	463	題	題	題	題シ		混種語	1	2	〔墨〕平	平						071	4_030		
20-059-01	白氏文集_神田本	575	464	靜	静	寂靜	[穴𭐳]静なる			2	2	〔墨〕去	＊去						072	4_038		
20-059-01	白氏文集_神田本	576	465	吹	吹	歌吹	歌吹を			2	2	〔墨〕去	＊去						072	4_039		
20-059-01	白氏文集_神田本	577	466	牓	牓	牓	牓セリ		混種語	1	2	〔墨〕上	上						072	4_040		
20-059-01	白氏文集_神田本	578	467	金	金	金字	金字の			1	2	〔墨〕平軽／〔墨〕去	平軽平／平軽去／去平／去去						072	4_040	平軽点に墨筆合点あり。	
20-059-01	白氏文集_神田本	579	467	字	字	金字	金字の			2	1	〔墨〕平／〔墨〕去	平軽平／平軽去／去平／去去						072	4_040	去声点に墨筆合点あり。	
20-059-01	白氏文集_神田本	580	468	苔	苔	青苔	青苔			2	2	〔墨〕平	＊平						073	4_041		
20-059-01	白氏文集_神田本	581	469	梵	梵	梵宮	梵宮			1	2	〔墨〕去	去＊	〔右〕〔墨A〕ハウ／〔右〕〔墨B〕ム	ハム＊				073	4_043		
20-059-01	白氏文集_神田本	582	470	奮	𭑣	奮迅	奮迅			1	2	〔墨〕去	去＊						073	4_046		
20-059-01	白氏文集_神田本	583	471	髯	⿰⿱镸彡冉	紫髯	紫[⿰⿱镸彡冉]			2	2	〔墨〕平	＊平						073	4_047		
20-059-01	白氏文集_神田本	584	472	跳	⿰𧾷𡉵	跳梁	[⿰𧾷𡉵]𭩮			1	2					〔左〕徒聊反			074	4_048		
20-059-01	白氏文集_神田本	585	473	護	護	都護	都護ノ			2	1	〔墨〕去	＊去						074	4_049		
20-059-01	白氏文集_神田本	586	474	陷	陥	陷没	陥没セルコト		混種語	1	2	〔墨〕去	去＊						074	4_051		
20-059-01	白氏文集_神田本	587	475	吼	吼	哀吼	𭈆吼			2	2	〔墨〕上	＊上				〔右〕六[音]口		074	4_051		
20-059-01	白氏文集_神田本	588	476	將	将	邊將	𨕙将			2	2	〔墨〕去	＊去						074	4_052		
20-059-01	白氏文集_神田本	589	477	宴	宴	宴	宴ス／宴す		混種語	1	2	〔墨〕去	去						074	4_053		
20-059-01	白氏文集_神田本	590	478	監	監	監軍	監軍を			1	2	〔墨〕平軽／〔墨〕去	平軽＊／去＊						074	4_053	平軽点に墨筆合点あり。	
20-059-01	白氏文集_神田本	591	479	隴	隴	河隴	河隴			2	2	〔墨〕上	＊上						075	4_057		
20-059-01	白氏文集_神田本	592	480	候	𠋫	堠	𠋫を			1	2	〔墨〕去	去	〔右〕〔墨A〕コウ	コウ				075	4_059		
20-059-01	白氏文集_神田本	593	481	漢	漢	蕃漢	蕃漢の			2	2	〔墨〕去	＊去						075	4_059		
20-059-01	白氏文集_神田本	594	482	交	交	交	交			1	2	〔墨〕去	去	〔右〕〔墨A〕ケウ	ケウ				075	4_060		
20-059-01	白氏文集_神田本	595	483	衣	衣	衣	衣			1	1	〔墨〕去	去						075	4_060	声点は破音点	
20-059-01	白氏文集_神田本	596	484	蹄	蹄	蹄	蹄			1	2	〔墨〕平	平						077	4_069		
20-059-01	白氏文集_神田本	597	485	遺	遺	遺	遺ノ			1	1	〔墨〕平	平						077	4_070		
20-059-01	白氏文集_神田本	598	486	薦	薦	親薦	親薦			2	2	〔墨〕去	＊去						077	4_071		
20-059-01	白氏文集_神田本	599	487	復	𣸪	復	𣸪			1	1	〔墨〕去	去						077	4_072		
20-059-01	白氏文集_神田本	600	488	朝	朝	朝	朝セ(シ)メ		混種語	1	2	〔墨〕平	平						077	4_072		
20-059-01	白氏文集_神田本	601	489	樂	樂	荒樂	荒樂て			2	2	〔墨〕入	＊入						077	4_073		
20-059-01	白氏文集_神田本	602	490	王	王	王業	王業を			1	2	〔墨〕去	去＊						077	4_074		
20-059-01	白氏文集_神田本	603	491	房	房	房星	房星			1	2	〔墨〕平	平＊						078	4_078		
20-059-01	白氏文集_神田本	604	492	儁	𮥸	寒儁	寒𮥸を			2	2						〔右〕〻俊		078	4_079		
20-059-01	白氏文集_神田本	605	493	度	度	度	度			1	2	〔墨〕入	入						078	4_081		
20-059-01	白氏文集_神田本	606	494	憲	𭞌	黃憲	黄憲ハ			2	2	〔墨〕去	＊去						079	4_083		
20-059-01	白氏文集_神田本	607	495	楡	榆	白楡	白榆を			2	1	〔墨〕平	＊平						079	4_086		
20-059-01	白氏文集_神田本	608	496	煌	煌	煌々	煌々たり			1	2	〔墨〕平	平＊						079	4_089		
20-059-01	白氏文集_神田本	609	497	錦	錦	錦繡段	錦繡段を			1	2	〔墨〕上	上＊去						080	4_090		
20-059-01	白氏文集_神田本	610	497	段	叚	錦繡段	錦繡段を			3	2	〔墨〕去	上＊去						080	4_090		
20-059-01	白氏文集_神田本	611	498	背	背	向背	向背			2	2	〔墨〕去	＊去						080	4_093		
20-059-01	白氏文集_神田本	612	499	低	𫢏	低昂	𫢏昂に			1	2	〔墨〕平	平平		＊カウ				080	4_093		
20-059-01	白氏文集_神田本	613	499	昂	昂	低昂	𫢏昂に			2	2	〔墨〕平	平平	〔右〕〔墨A〕カウ	＊カウ				080	4_093		
20-059-01	白氏文集_神田本	614	500	穠	穠	穠姿	穠姿			1	2	〔墨〕平	平＊	〔左〕〔角〕テウ	テウ＊				080	4_095		
20-059-01	白氏文集_神田本	615	501	卉	卉	雜卉	雜卉			2	1			〔右〕〔角〕クヰ	＊クヰ				080	4_095		
20-059-01	白氏文集_神田本	616	502	碎	砕	細碎	細砕ナル			2	2	〔墨〕去	＊去						080	4_096		
20-059-01	白氏文集_神田本	617	503	芍	芍	芍藥	芍藥			1	2	〔墨〕入軽	入軽＊	〔右〕〔墨B〕シヤク	シヤクヤク				080	4_096		
20-059-01	白氏文集_神田本	618	503	藥	藥	芍藥	芍藥			2	2		入軽＊	〔右〕〔墨B〕ヤク	シヤクヤク				080	4_096		
20-059-01	白氏文集_神田本	619	504	庫	庫	庫車	庫車			1	1	〔墨〕去	去＊						081	4_097		
20-059-01	白氏文集_神田本	620	505	軟	軟	軟轝	軟轝の			1	2	〔墨〕上	上平						081	4_097		
20-059-01	白氏文集_神田本	621	505	轝	轝	軟轝	軟轝の			2	1	〔墨〕平	上平						081	4_097		
20-059-01	白氏文集_神田本	622	506	衫	衫	香衫	香衫			2	2	〔墨〕平	＊平						081	4_098		
20-059-01	白氏文集_神田本	623	507	豪	豪	豪家	豪家			1	2	〔墨〕平	平＊						081	4_098		
20-059-01	白氏文集_神田本	624	508	西	西	西明寺	西眀寺			1	2	〔墨〕去	去上＊						081	4_099		
20-059-01	白氏文集_神田本	625	508	明	眀	西明寺	西眀寺			2	2	〔墨〕上	去上＊						081	4_099		
20-059-01	白氏文集_神田本	626	509	漸	漸	漸	漸			1	2	〔墨〕去	去						081	4_103		
20-059-01	白氏文集_神田本	627	510	農	農	農桑	農桑を			1	2	〔墨〕平	平＊						082	4_104		
20-059-01	白氏文集_神田本	628	511	禾	禾	嘉禾	嘉禾			2	1	〔墨〕平	＊平						082	4_105		
20-059-01	白氏文集_神田本	629	512	穗	穂	九穗	九穂／九穂ヲ			2	2	〔墨〕去	＊去						082	4_105		
20-059-01	白氏文集_神田本	630	513	瑞	瑞	瑞麥	瑞麦			1	2	〔墨〕去	去＊						082	4_106		
20-059-01	白氏文集_神田本	631	514	妖	𪥲	妖艶	𪥲艶の			1	2	〔墨〕平	平＊						082	4_107		
20-059-01	白氏文集_神田本	632	515	線	線	紅線毯	红缐毯ハ			2	2	〔墨〕去	＊去上						082	4_109		
20-059-01	白氏文集_神田本	633	515	毯	毯	紅線毯	红缐毯ハ			3	2	〔墨〕上	＊去上						082	4_109		
20-059-01	白氏文集_神田本	634	516	蠒	蠒	蠒絲	蠒絲			1	2						〔右〕〻犬		082	4_109		
20-059-01	白氏文集_神田本	635	517	毯	毯	紅線毯	红缐毯			3	2	〔墨〕上	＊＊上						082	4_110		
20-059-01	白氏文集_神田本	636	518	藍	藍	紅藍	红藍に			2	2	〔墨〕去	＊去						083	4_111		
20-059-01	白氏文集_神田本	637	518	線	線	紅線	红缐と			2	2	〔墨〕去	＊去						083	4_111		
20-059-01	白氏文集_神田本	638	519	毯	毯	毯	毯ト／毯ニ／毯カモト			1	2	〔墨〕上	上	〔右〕〔墨A〕タム／〔右〕〔墨B〕タム	タム				083	4_112		
20-059-01	白氏文集_神田本	639	520	廣	廣	廣	廣			1	2	〔墨〕去	去						083	4_112		
20-059-01	白氏文集_神田本	640	521	毯	毯	紅毯	红毯			2	2	〔墨〕上	＊上						083	4_112		
20-059-01	白氏文集_神田本	641	522	綵	䌽	綵絲	䌽絲			1	2	〔墨〕上	上＊						083	4_113		
20-059-01	白氏文集_神田本	642	523	茸	茸	茸々	茸々とて			1	2					〔右〕如容反			083	4_113		
20-059-01	白氏文集_神田本	643	524	茀	茀	茀々	茀々たり			1	2	〔墨〕入軽	入軽＊	〔右〕〔墨A〕フツ	フツ＊				083	4_113		
20-059-01	白氏文集_神田本	644	525	毯	毯	毯	毯ハ			1	2	〔墨〕上	上						083	4_115		
20-059-01	白氏文集_神田本	645	526	褥	褥	褥	褥			1	2	〔墨〕入	入	〔右〕〔墨A〕ニク／〔右〕〔墨B〕シヨク	ニク／シヨク				083	4_115	「シヨク」に墨筆合点あり。	
20-059-01	白氏文集_神田本	646	527	樣	𪮲	樣	𪮲			1	2	〔墨〕去	去						083	4_117		
20-059-01	白氏文集_神田本	647	528	毯	毯	毯	毯ハ			1	2	〔墨〕上	上						084	4_119		
20-059-01	白氏文集_神田本	648	529	要	要	要	要す		混種語	1	2	〔墨〕去	去						084	4_119		
20-059-01	白氏文集_神田本	649	530	頃	頃	一頃餘	一頃餘を			2	2					〔右〕去穎反			084	4_122		「反切」欄、反切上字を「去」に変更
20-059-01	白氏文集_神田本	650	531	長	長	長吏	長吏			2	2	〔墨〕上	上＊						084	4_124		
20-059-01	白氏文集_神田本	651	532	考	𦒱	考課	𦒱課を			1	2	〔墨〕平(抹消)	平平						085	4_125		
20-059-01	白氏文集_神田本	652	532	課	課	考課	𦒱課を			2	1	〔墨〕平(抹消)	平平						085	4_125		
20-059-01	白氏文集_神田本	653	533	租	租	官租	官租を／官ノ租を			2	2	〔墨〕平軽	＊平軽						085	4_125		
20-059-01	白氏文集_神田本	654	534	粟	粟	粟	粟を			1	2	〔墨〕入軽	入軽						085	4_127		
20-059-01	白氏文集_神田本	655	535	虐	𮓘	虐	𮓘シ		混種語	1	2	〔墨〕入軽	入軽						085	4_127		
20-059-01	白氏文集_神田本	656	536	害	𡧱	害	𡧱するは		混種語	1	2	〔墨〕去	去						085	4_127		
20-059-01	白氏文集_神田本	657	537	畿	畿	京畿	亰畿			2	1	〔墨〕平	＊平	〔右〕〔墨B〕キ	＊キ				085	4_129		
20-059-01	白氏文集_神田本	658	538	税	⿰禾𭀘	税	[⿰禾𭀘]するを			1	2	〔墨〕去	去						085	4_129		
20-059-01	白氏文集_神田本	659	539	税	⿰禾𭀘	租税	租[⿰禾𭀘]			2	2	〔墨〕去	＊去						085	4_130		
20-059-01	白氏文集_神田本	660	540	蠲	蠲	蠲免	蠲𭀠の			1	2	〔墨〕平	平＊	〔右〕〔墨B〕クヱン	クヱン＊				085	4_131		
20-059-01	白氏文集_神田本	661	541	繚	缭	繚綾	缭绫は			1	2	〔墨〕上	上＊						086	4_132		
20-059-01	白氏文集_神田本	662	542	綃	绡	羅綃	羅绡			2	2	〔墨〕平軽	＊平軽	〔右〕〔墨B〕サウ	＊サウ	〔右〕所交反			086	4_133		
20-059-01	白氏文集_神田本	663	543	布	布	瀑布	[⿰白𭻥]布の			2	1	〔墨〕去	＊去						086	4_134		
20-059-01	白氏文集_神田本	664	544	衣	衣	衣	衣			1	1	〔墨〕去	去						086	4_136	声点は破音点	
20-059-01	白氏文集_神田本	665	545	姫	姖	姫	姫			1	1	〔墨〕平	平	〔右〕〔墨A〕キ	キ				086	4_136		
20-059-01	白氏文集_神田本	666	546	使	使	中使	中使			2	1	〔墨〕去	＊去						086	4_136		
20-059-01	白氏文集_神田本	667	547	行	行	行	行ツラを			1	2	〔墨〕平	平						086	4_137		
20-059-01	白氏文集_神田本	668	548	衫	衫	衫袖	衫袖に			1	2	〔墨〕平	平去						086	4_138		
20-059-01	白氏文集_神田本	669	548	袖	袖	衫袖	衫袖に			2	2	〔墨〕去	平去						086	4_138		
20-059-01	白氏文集_神田本	670	549	斗	斗	金斗	金斗			2	2	〔墨〕上	＊上						087	4_139		
20-059-01	白氏文集_神田本	671	550	隱	𮥚	隱映	𮥚映ス		混種語	1	2	〔墨〕上	上＊						087	4_139		
20-059-01	白氏文集_神田本	672	551	繒	缯	繒	缯			1	2	〔墨〕平	平						087	4_142		
20-059-01	白氏文集_神田本	673	552	繚	缭	繚	缭			1	2	〔墨〕上	上						087	4_143		
20-059-01	白氏文集_神田本	674	553	駕	駕	駕	駕(シ)て		混種語	1	1	〔墨〕去	去						088	4_150		
20-059-01	白氏文集_神田本	675	554	𠮟	叱	𠮟	叱シ		混種語	1	2	〔墨〕入軽	入軽						088	4_152		
20-059-01	白氏文集_神田本	676	555	使	使	官使	官使			1	1	〔墨〕去	＊去						089	4_153		
20-059-01	白氏文集_神田本	677	556	半	半	半疋	半疋ノ			1	2	〔墨〕去	去入軽						089	4_154		
20-059-01	白氏文集_神田本	678	556	疋	疋	半疋	半疋ノ			2	2	〔墨〕入軽	去入軽						089	4_154		
20-059-01	白氏文集_神田本	679	557	哭	𡘈	哭	𡘈スル		混種語	1	2	〔墨〕入軽	入軽						089	4_156		
20-059-01	白氏文集_神田本	680	558	騎	𮪍	驃騎	驃𮪍			2	1	〔墨〕去	＊去						089	4_157		
20-059-01	白氏文集_神田本	681	559	虜	虜	虜	虜を			1	1	〔墨〕上	上						089	4_157		
20-059-01	白氏文集_神田本	682	560	策	筞	策	筞ス		混種語	1	2	〔墨〕入軽	入軽						089	4_157		
20-059-01	白氏文集_神田本	683	561	勳	勲	勳	勲を			1	2	〔墨〕平軽	平軽						089	4_157		
20-059-01	白氏文集_神田本	684	562	哭	𡘈	哭	𡘈シ		混種語	1	2	〔墨〕入軽	入軽						090	4_161		
20-059-01	白氏文集_神田本	685	563	紇	纥	紇邏	纥邏			1	2	〔墨〕入軽	入軽上	〔左〕〔墨B〕コツ	コツラ	〔右〕下没反			091	4_167		
20-059-01	白氏文集_神田本	686	563	邏	邏	紇羅	纥邏			2	1	〔墨〕上	入軽上	〔右〕〔墨A〕ラ	コツラ				091	4_167		
20-059-01	白氏文集_神田本	687	564	印	𭅴	印	𭅴ス／𭅴セリ		混種語	1	2	〔墨〕去	去						091	4_169		
20-059-01	白氏文集_神田本	688	565	土	圡	土	圡			1	1	〔墨〕上	上						091	4_170		
20-059-01	白氏文集_神田本	689	566	宜	冝	宜	冝に			1	1	〔墨〕平	平						091	4_170		
20-059-01	白氏文集_神田本	690	567	鶻	鶻	廻鶻	逥鶻			2	2	〔墨〕入	＊入						091	4_172		
20-059-01	白氏文集_神田本	691	568	咸	咸	咸安	咸安			1	2	〔墨〕平	平＊						091	4_173		
20-059-01	白氏文集_神田本	692	569	可	可	可敦	可𭣾			1	1	〔墨〕上	上平軽						091	4_173		
20-059-01	白氏文集_神田本	693	569	敦	𭣾	可敦	可𭣾			2	2	〔墨〕平軽	上平軽						091	4_173		
20-059-01	白氏文集_神田本	694	570	爲	為	爲	為に			1	1	〔墨〕去	去						091	4_173		
20-059-01	白氏文集_神田本	695	571	汗	汗	可汗	可汗カ／可汗の			2	2	〔墨〕去	＊去	〔右〕〔墨A〕〔墨B〕カン(A・B)	＊カン				091	4_173		
20-059-01	白氏文集_神田本	696	572	論	論	論	論す		混種語	1	2	〔墨〕平	平						092	4_174		
20-059-01	白氏文集_神田本	697	573	闕	闕	闕	闕			1	2	〔墨〕入軽	入軽						092	4_175		
20-059-01	白氏文集_神田本	698	574	綵	䌽	縑綵	缣䌽			2	2	〔墨〕上	＊上						092	4_176		
20-059-01	白氏文集_神田本	699	575	黠	𭶑	黠虜	𭶑虜			1	2	〔墨〕入	入＊			〔右〕胡八反			092	4_176		
20-059-01	白氏文集_神田本	700	576	倍	倍	一倍	一倍ス		混種語	2	2	〔墨〕去	＊去						092	4_177		
20-059-01	白氏文集_神田本	701	577	烏	𭴚	烏膏	𭴚[⿱髙⺼]			1	1	〔墨〕平軽	平軽平						093	4_181		
20-059-01	白氏文集_神田本	702	577	膏	⿱髙⺼	烏膏	𭴚[⿱髙⺼]			2	2	〔墨〕平	平軽平						093	4_181		
20-059-01	白氏文集_神田本	703	578	嗤	嗤	妍嗤	妍嗤シ		混種語	2	1	〔墨〕平軽	＊平						093	4_182		
20-059-01	白氏文集_神田本	704	579	態	⿱䏻心	本態	夲[⿱䏻心]を／夲ノ[⿱䏻心]を			2	2			〔右〕〔角〕タイ	＊タイ				093	4_182		
20-059-01	白氏文集_神田本	705	580	椎	椎	椎髻	椎[⿰⿱镸彡古]の			1	2	〔墨〕平	平去	〔右〕〔墨A〕チヰ	チヰケイ				093	4_183		
20-059-01	白氏文集_神田本	706	580	髻	⿰⿱镸彡古	椎髻	椎[⿰⿱镸彡古]の			2	2	〔墨〕去	平去	〔右〕〔墨A〕ケイ	チヰケイ				093	4_183		
20-059-01	白氏文集_神田本	707	581	樣	𪮲	樣	𪮲ナリ			1	2	〔墨〕去	去	〔右〕〔墨A〕ヤウ	ヤウ				093	4_183		
20-059-01	白氏文集_神田本	708	582	赭	赭	赭面	赭面の			1	1	〔墨〕上	上＊						093	4_184		
20-059-01	白氏文集_神田本	709	583	梳	⿰⿱扌一𠫝	粧梳	粧[⿰⿱扌一𠫝]			2	1	〔墨〕去	＊去	〔右〕〔墨A〕ソ	＊ソ				093	4_185		
20-059-01	白氏文集_神田本	710	584	髻	⿰⿱镸彡古	髻椎	[⿰⿱镸彡古]椎			1	2	〔墨〕去	去＊				〔左〕六[音]桂		093	4_185		
20-059-01	白氏文集_神田本	711	585	赭	赭	面赭	面赭			1	1	〔墨〕上	＊上	〔右〕〔墨A〕シヤ	＊シヤ				093	4_185		
20-059-01	白氏文集_神田本	712	586	生	生	生前	生前の			1	2	〔墨〕平軽	平軽平						094	4_188		
20-059-01	白氏文集_神田本	713	586	前	前	生前	生前の			2	2	〔墨〕平	平軽平						094	4_188		
20-059-01	白氏文集_神田本	714	587	畫	𥁞	畫	畫シ		混種語	1	2			〔右〕〔墨A〕ヱ	ヱ				094	4_189		
20-059-01	白氏文集_神田本	715	588	釜	釜	釜	釜に			1	1	〔墨〕去	去						094	4_190		
20-059-01	白氏文集_神田本	716	589	煎	剪	剪鍊	煎錬て			1	2		＊去				〔右〕〻千		094	4_190		
20-059-01	白氏文集_神田本	717	589	鍊	錬	剪鍊	煎錬て			2	2	〔墨〕去	＊去						094	4_190		
20-059-01	白氏文集_神田本	718	590	悄	悄	悄悄	悄々たり			1	2	〔墨〕上	上＊						094	4_191		
20-059-01	白氏文集_神田本	719	591	魂	䰟	反魂香	反䰟香は／反䰟の香は			2	2	〔角〕平軽	＊平去	〔右〕〔角〕コン	＊コンカウ				094	4_191		
20-059-01	白氏文集_神田本	720	591	香	香	反魂香	反䰟香は／反䰟の香は			3	2	〔角〕去	＊平去	〔右〕〔角〕カウ	＊コンカウ				094	4_191		
20-059-01	白氏文集_神田本	721	592	縹	缥	縹眇	缥眇			1	2	〔墨〕上	上＊						094	4_193		
20-059-01	白氏文集_神田本	722	593	非	非	非	非			1	1	〔墨〕去	去						094	4_194	去声点に墨筆合点あり。	
20-059-01	白氏文集_神田本	723	594	髣	⿰⿱镸彡方	髣髴	[⿰⿱镸彡方][⿰⿱镸彡弗]タレトモ／[⿰⿱镸彡方][⿰⿱镸彡弗]ホノカナレトモ／[⿰⿱镸彡方][⿰⿱镸彡弗]ホノメケリ			1	2	〔角〕上	上平	〔右〕〔角〕ハウ	ハウヒ				094	4_194		
20-059-01	白氏文集_神田本	724	594	髴	⿰⿱镸彡弗	髣髴	[⿰⿱镸彡方][⿰⿱镸彡弗]タレトモ／[⿰⿱镸彡方][⿰⿱镸彡弗]ホノカナレトモ／[⿰⿱镸彡方][⿰⿱镸彡弗]ホノメケリ			2	1	〔角〕平	上平	〔右〕〔角〕ヒ	ハウヒ				094	4_194		
20-059-01	白氏文集_神田本	725	595	昭	昭	昭陽	昭陽			1	2	〔墨〕平軽	平軽＊						095	4_195		
20-059-01	白氏文集_神田本	726	596	掬	掬	一掬	一掬の			2	2			〔右〕〔角〕キク	＊キク				095	4_199		
20-059-01	白氏文集_神田本	727	597	嵬	嵬	馬嵬	馬嵬の			2	2	〔墨〕上	＊上						095	4_199		
20-059-01	白氏文集_神田本	728	598	妃	妃	楊妃	楊妃を			2	1	〔墨〕平	＊平						095	4_199		
20-059-01	白氏文集_神田本	729	599	奸	奸	奸姿	奸姿			1	2	〔角〕平	平＊	〔右〕〔角〕カン	カン＊				095	4_200		
20-059-01	白氏文集_神田本	730	600	奉	奉	奉	奉シて		混種語	1	2	〔墨〕去	去						096	4_205		
20-059-01	白氏文集_神田本	731	601	配	配	配	配シ		混種語	1	2	〔墨〕去	去						096	4_207		
20-059-01	白氏文集_神田本	732	602	陵	𨹧	陵	𨹧に			1	2	〔墨〕平	平						096	4_207		
20-059-01	白氏文集_神田本	733	603	監	監	監送	監送シて		混種語	1	2	〔墨〕平軽	平軽去						096	4_208		
20-059-01	白氏文集_神田本	734	603	送	送	監送	監送シて		混種語	2	2	〔墨〕去	平軽去						096	4_208		
20-059-01	白氏文集_神田本	735	604	鎖	鏁	鎖	鏁シて		混種語	1	1			〔右〕〔墨A〕サ	サ				096	4_208		
20-059-01	白氏文集_神田本	736	605	鎖	鏁	鎖	鏁シて		混種語	1	1	〔墨〕上	上	〔右〕〔墨A〕サ	サ				097	4_209		
20-059-01	白氏文集_神田本	737	606	院	院	院	院を			1	2	〔墨〕去	去						097	4_213		
20-059-01	白氏文集_神田本	738	607	季	季	四季	四季に			2	1	〔墨〕去	＊去						097	4_213		
20-059-01	白氏文集_神田本	739	608	婦	婦	鹽商婦	塩商婦			3	1	〔墨〕去	＊＊去						098	4_219		
20-059-01	白氏文集_神田本	740	609	績	⿰纟責	蚕績	[⿰纟責]			2	2						〔右〕六[音]赤		098	4_219		
20-059-01	白氏文集_神田本	741	610	舡	舡	舡	舡を			1	2					〔右〕火工反			098	4_220		
20-059-01	白氏文集_神田本	742	611	鬟	⿰⿱镸彡𭾪	緑鬟	緑[⿰⿱镸彡𭾪]ハ			2	2	〔墨〕平	＊平				〔右〕〻還		098	4_221		
20-059-01	白氏文集_神田本	743	612	晧	皓	晧腕	晧腕ハ			1	2	〔墨〕去	去去	〔右〕〔角〕カウ	カウワン				098	4_222		
20-059-01	白氏文集_神田本	744	612	腕	腕	晧腕	晧腕ハ			2	2	〔墨〕去	去去	〔右〕〔墨B〕ワン	カウワン				098	4_222		
20-059-01	白氏文集_神田本	745	613	婢	⿰女𤰞	婢	[⿰女𤰞]を			1	1	〔墨〕去	去						099	4_223		
20-059-01	白氏文集_神田本	746	614	課	課	鹽課	塩課			2	1	〔墨〕去	＊去						099	4_224		
20-059-01	白氏文集_神田本	747	615	利	利	利	利			1	1	〔墨〕去	去						099	4_225		
20-059-01	白氏文集_神田本	748	616	膾	膾	紅膾	红膾			2	2	〔墨〕去	＊去				〔右〕〻會		099	4_226		
20-059-01	白氏文集_神田本	749	617	橙	橙	黃橙	黄橙			2	2	〔墨〕平	＊平				〔右〕〻唐		099	4_227		
20-059-01	白氏文集_神田本	750	618	柁	柂	柁樓	柂樓に			1	1	〔墨〕去	去＊	〔右〕〔墨A〕タ	タ＊	〔右〕他賀反			099	4_227		
20-059-01	白氏文集_神田本	751	619	顋	顋	紅顋	红顋			2	2	〔墨〕平	＊平	〔右〕〔墨A〕サイ	＊サイ				099	4_227		
20-059-01	白氏文集_神田本	752	620	府	府	李開府	李開府ノナリ			3	1	〔墨〕上	＊＊上						100	4_232		
20-059-01	白氏文集_神田本	753	621	砌	砌	碧砌	碧砌			2	2	〔墨〕去	＊去						100	4_232		
20-059-01	白氏文集_神田本	754	622	板	板	朱板	朱板			2	2	〔墨〕上	＊上						100	4_234		
20-059-01	白氏文集_神田本	755	623	模	模	規模	䂓模に			2	1			〔右〕〔墨A〕ホ	＊ホ				101	4_238		
20-059-01	白氏文集_神田本	756	624	過	過	過客	過客を			1	1	〔墨〕去	去＊						101	4_239		
20-059-01	白氏文集_神田本	757	625	題	題	題	題シて		混種語	1	2	〔墨〕平	平						101	4_240		
20-059-01	白氏文集_神田本	758	626	屬	𭕭	屬	𭕭セルを		混種語	1	2	〔墨〕入軽	入軽						101	4_241		
20-059-01	白氏文集_神田本	759	627	失	𭁆	失	𭁆シ／𭁆スルコト		混種語	1	2	〔角〕去	去						101	4_243	加点位置存疑。小林(1982:111)訓読文「角筆ノ去聲點はモトノママの注あり」と注す。	
20-059-01	白氏文集_神田本	760	628	瓶	瓶	井底引銀瓶	井底引銀瓶ハ			5	2	〔墨〕平	＊＊＊＊平						102	4_244		
20-059-01	白氏文集_神田本	761	629	中	中	中央	中央より／中央ナカハヨリ／中央ナカヒタヨリ			1	2	〔角〕平	平＊						102	4_246		
20-059-01	白氏文集_神田本	762	630	殊	殊	殊姿	殊姿			1	2	〔墨〕平	平＊						102	4_248		
20-059-01	白氏文集_神田本	763	631	嬋	嬋	嬋妍	嬋妍たる			1	2	〔墨〕平	平＊						102	4_248		
20-059-01	白氏文集_神田本	764	632	鬢	⿰⿱镸彡賔	兩鬢	兩[⿰⿱镸彡賔]は／兩ノ[⿰⿱镸彡賔]は			2	2	〔墨〕去	＊去						102	4_248		
20-059-01	白氏文集_神田本	765	633	柏	栢	松柏	松栢の			2	2	〔墨〕入軽	＊入軽						103	4_253		
20-059-01	白氏文集_神田本	766	634	聘	𨉂	聘	𨉂セルをば／𨉂ヨハヘルをば		混種語	1	2	〔墨〕去	去	〔右〕〔墨A〕ヘイ	ヘイ				103	4_254		
20-059-01	白氏文集_神田本	767	635	奉	奉	奉	奉するに		混種語	1	2	〔墨〕去	去						103	4_255		
20-059-01	白氏文集_神田本	768	636	諷	諷	諷	諷セリ		混種語	1	2	〔墨〕去	去						104	4_260		
20-059-01	白氏文集_神田本	769	637	滻	滻	滻水	滻水の			1	2	〔墨〕上	上＊	〔右〕〔墨A〕サン	サン＊				104	4_261		
20-059-01	白氏文集_神田本	770	638	相	相	右丞相	右丞相			3	2	〔墨〕去	＊＊去						104	4_264		
20-059-01	白氏文集_神田本	771	639	淨	淨	淨潔	淨[⿰冫𮈛]なりと			1	2			〔右〕〔墨A〕セイ	セイ＊				105	4_265		
20-059-01	白氏文集_神田本	772	640	勒	勒	勒	勒シテて		混種語	1	2	〔墨〕入軽	入軽						105	4_271		
20-059-01	白氏文集_神田本	773	641	管	管	管	管を			1	2	〔墨〕上	上						106	4_273		
20-059-01	白氏文集_神田本	774	642	毫	毫	毫	毫を			1	2			〔左〕〔角〕カウ	カウ				106	4_273		
20-059-01	白氏文集_神田本	775	643	衙	衙	正衙	正衙を			2	1	〔墨〕平／〔角〕平	＊平						106	4_274		
20-059-01	白氏文集_神田本	776	644	易	易	易	易			1	1	〔墨〕去	去						106	4_275	声点は破音点	
20-059-01	白氏文集_神田本	777	645	彈	彈	彈	彈スルこと		混種語	1	2	〔墨〕平	平						106	4_277		
20-059-01	白氏文集_神田本	778	646	失	𭁆	失儀	𭁆儀			1	2	〔墨〕入軽	入軽＊						106	4_277		
20-059-01	白氏文集_神田本	779	647	憫	悯	憫	悯			1	2	〔墨〕上	上				〔左〕〻湣		106	4_278		
20-059-01	白氏文集_神田本	780	648	汴	汴	汴河	汴河の			1	2	〔墨〕去	去＊						107	4_280		
20-059-01	白氏文集_神田本	781	649	煬	煬	煬天子	煬天子			3	2	〔角〕去	去＊＊						107	4_281		
20-059-01	白氏文集_神田本	782	650	絮	絮	絮	絮は			1	1	〔墨〕去	去						107	4_284		
20-059-01	白氏文集_神田本	783	651	護	護	護	護ス		混種語	1	1	〔墨〕去	去						107	4_285		
20-059-01	白氏文集_神田本	784	652	纜	⿰⿱纟𰀢見	錦纜	錦[⿰⿱纟𰀢見]を／錦ノ[⿰⿱纟𰀢見]トモツナを			2	2	〔角〕上	＊上	〔左〕〔角〕ラム	＊ラム				107	4_285		
20-059-01	白氏文集_神田本	785	653	直	直	直	直す		混種語	1	2	〔墨〕入	入						108	4_286		
20-059-01	白氏文集_神田本	786	654	咲	咲	歌咲	歌咲ハ			1	2	〔角〕去	去＊	〔右〕〔角〕セウ	セウ				108	4_286		
20-059-01	白氏文集_神田本	787	655	荒	⿱芒一	荒	[⿱芒一]シ		混種語	1	2	〔墨〕平軽	平軽						108	4_287		
20-059-01	白氏文集_神田本	788	656	綴	缀	綴旈	綴旈の			1	2	〔墨〕去	去＊	〔右〕〔角〕テイ	テイリウ				108	4_287		
20-059-01	白氏文集_神田本	789	656	旒	旒	綴旈	綴旈の			2	2		去＊	〔右〕〔角〕リウ	テイリウ				108	4_287		
20-059-01	白氏文集_神田本	790	657	歸	㱕	歸	㱕トイハむことを			1	1	〔墨〕平	平						108	4_289		
20-059-01	白氏文集_神田本	791	658	垂	𡸁	垂	𡸁			1	2	〔角〕去	去						108	4_289		
20-059-01	白氏文集_神田本	792	659	封	𭔵	封	𭔵(セ)ラレ(ム)ことを		混種語	1	2	〔墨〕平軽	平軽						108	4_290		
20-059-01	白氏文集_神田本	793	660	汴	汴	汴河	汴河			1	2	〔墨〕去	去＊						109	4_293		
20-059-01	白氏文集_神田本	794	661	錮	錮	錮	錮セリ		混種語	1	1	〔墨〕去	去	〔右〕〔墨A〕コ	コ				109	4_298		
20-059-01	白氏文集_神田本	795	662	固	固	深固	深固ナリト			2	1	〔墨〕去	＊去						109	4_299		
20-059-01	白氏文集_神田本	796	663	綴	綴	綴	綴ツラネて			1	2	〔墨〕去	去						109	4_299	声点は破音点	
20-059-01	白氏文集_神田本	797	664	椁	槨	龍椁	𮧻槨			2	2	〔墨〕入	＊入						110	4_301		
20-059-01	白氏文集_神田本	798	665	儉	俭	儉	俭ナル			1	2	〔墨〕去	去						110	4_303		
20-059-01	白氏文集_神田本	799	666	妖	𪥲	妖	𪥲にシて			1	2	〔墨〕平軽	平軽						110	4_306		
20-059-01	白氏文集_神田本	800	667	鬟	⿰⿱镸彡𭾪	雲鬟	雲[⿰⿱镸彡𭾪]			2	2	〔墨〕平	＊平						111	4_307		
20-059-01	白氏文集_神田本	801	668	粧	粧	粧	粧ニ／粧を			1	2	〔角〕平	平						111	4_307		
20-059-01	白氏文集_神田本	802	669	人	人	十人	十人			2	2	〔角〕平	＊平						111	4_310		
20-059-01	白氏文集_神田本	803	670	長	長	長	長シ		混種語	1	2	〔墨〕上	上						112	4_313		
20-059-01	白氏文集_神田本	804	671	長	長	長	長シて		混種語	1	2	〔墨〕上	上						112	4_313		
20-059-01	白氏文集_神田本	805	672	襃	⿸广𧛱	襃妲	[⿸广𧛱]妲／[⿸广𧛱]妲カ			1	2	〔墨〕平軽	平軽入軽		＊タツ				112	4_314		
20-059-01	白氏文集_神田本	806	672	妲	妲	襃妲	[⿸广𧛱]妲／[⿸广𧛱]妲カ			2	2	〔墨〕入軽	平軽入軽	〔右〕〔墨A〕タツ	＊タツ				112	4_314		
20-059-01	白氏文集_神田本	807	673	蠱	⿳䖝䖵皿	蠱惑	[⿳䖝䖵皿]惑セシ／[⿳䖝䖵皿]惑す(る)に		混種語	1	1	〔角〕去	去入軽	〔右〕〔角〕コ	ココク				112	4_314		
20-059-01	白氏文集_神田本	808	673	惑	惑	蠱惑	[⿳䖝䖵皿]惑セシ／[⿳䖝䖵皿]惑す(る)に		混種語	2	2	〔角〕入軽	去入軽	〔右〕〔墨A〕コク	ココク				112	4_314		
20-059-01	白氏文集_神田本	809	674	巫	𭘆	巫	𭘆の			1	1	〔墨〕平	平						113	4_320		
20-059-01	白氏文集_神田本	810	675	繖	𰬷	繖	𰬷キヌカサ			1	2	〔角〕去	去	〔左〕〔角〕セン	セン				113	4_321		
20-059-01	白氏文集_神田本	811	676	可	可	天可度	天可度ハ			2	1	〔墨〕上	＊上入						113	4_326		
20-059-01	白氏文集_神田本	812	676	度	度	天可度	天可度ハ			3	2	〔墨〕入	＊上入						113	4_326		
20-059-01	白氏文集_神田本	813	677	詐	詐	詐人	詐人を			1	1	〔墨〕去	去＊						113	4_326		
20-059-01	白氏文集_神田本	814	678	度	度	度	度ハカツ			1	2	〔角〕入軽	入軽						114	4_327	声点は破音点	
20-059-01	白氏文集_神田本	815	679	簧	簧	簧	簧に			1	2	〔角〕平	平	〔右〕〔角〕クワウ	クワウ				114	4_328		
20-059-01	白氏文集_神田本	816	680	了	了	秦吉了	秦吉了			3	2	〔墨〕上	＊＊上						115	4_336		
20-059-01	白氏文集_神田本	817	681	頸	𩒤	頸	𩒤クヒ			1	2	〔墨〕上	上						115	4_336	声点は破音点	
20-059-01	白氏文集_神田本	818	682	鷰	鷰	乳鷰	乳鷰を			2	2	〔墨〕去	＊去						115	4_338		
20-059-01	白氏文集_神田本	819	683	巢	巢	一巢	一巢			2	2	〔墨〕平	＊平						115	4_338		
20-059-01	白氏文集_神田本	820	684	鵰	鵰	鵰	鵰			1	2	〔墨〕平軽	平軽						115	4_340		
20-059-01	白氏文集_神田本	821	685	鶚	鶚	鶚	鶚			1	2	〔墨〕入軽	入軽	〔右〕〔墨A〕カク	カク				115	4_340		
20-059-01	白氏文集_神田本	822	686	苦	苦	冤苦	寃苦を			2	1	〔墨〕上	＊上						116	4_343		
20-059-01	白氏文集_神田本	823	687	喋	𠴬	喋々	𠴬々タル			1	2			〔左〕〔角〕テツ	テツ		〔右〕〻帖		116	4_344		
20-059-01	白氏文集_神田本	824	688	鵶	鵶	鵶九剣	鵶九劔ハ			1	1	〔墨〕平	平＊＊						116	4_345		
20-059-01	白氏文集_神田本	825	689	壅	壅	決壅	决壅			2	2	〔墨〕上	＊上						116	4_345		
20-059-01	白氏文集_神田本	826	690	歐	歐	歐冶子	歐冶子			1	2		＊上＊	〔左〕〔角〕ヲウ	ヲウヤ＊	〔右〕烏侯反			116	4_346		
20-059-01	白氏文集_神田本	827	690	冶	冶	歐冶子	歐冶子			2	1	〔墨〕上	＊上＊	〔右〕〔角〕ヤ	ヲウヤ＊				116	4_346		
20-059-01	白氏文集_神田本	828	691	踊	踊	踊躍	踊躍(シ)て		混種語	1	2	〔墨〕上	上入軽	〔右〕〔角〕ヨウ	ヨウ＊				117	4_348		
20-059-01	白氏文集_神田本	829	691	躍	躍	踊躍	踊躍(シ)て		混種語	2	2	〔墨〕入軽	上入軽		ヨウ＊				117	4_348		
20-059-01	白氏文集_神田本	830	692	鏌	鏌	鏌耶	鏌耶ノ			1	2	〔角〕入軽濁2	入軽濁平	〔右〕〔角〕ハク	ハクヤ				117	4_348		
20-059-01	白氏文集_神田本	831	692	耶	耶	鏌耶	鏌耶ノ			2	1	〔角〕平	入軽濁平	〔右〕〔角〕ヤ	ハクヤ				117	4_348		
20-059-01	白氏文集_神田本	832	693	剣	釼	剣	釼ツルキト			1	2	〔墨〕去	去						117	4_348		
20-059-01	白氏文集_神田本	833	694	用	用	用	用を			1	2	〔墨〕去	去						117	4_349		
20-059-01	白氏文集_神田本	834	695	決	决	決	决シ		混種語	1	2	〔墨〕入軽	入軽						117	4_352		
20-059-01	白氏文集_神田本	835	696	蟄	蟄	蟄蟲	蟄蟲			1	2			〔右〕〔角〕チフ	＊テフ				117	4_353		
20-059-01	白氏文集_神田本	836	697	興	興	興諭	興諭			1	2	〔墨〕去	去去						118	4_358		
20-059-01	白氏文集_神田本	837	697	諭	諭	興諭	興諭			2	1	〔墨〕去	去去						118	4_358		
20-059-01	白氏文集_神田本	838	698	規	䂓	規刺	䂓刾			1	1			〔右〕〔角〕キ	キシ				118	4_359		
20-059-01	白氏文集_神田本	839	698	刺	刾	規刺	䂓刾			2	1			〔右〕〔角〕シ	キシ				118	4_359		
20-059-01	白氏文集_神田本	840	699	諍	諍	諍臣	諍臣			1	2	〔墨〕去	去＊						118	4_360		
20-059-01	白氏文集_神田本	841	700	冗	冗	冗員	冗員			1	2	〔墨〕上	上平	〔左〕〔墨B〕シヨウ／〔左〕〔角〕シヨウ	シヨウヱン／シヨウウン		〔右〕〻剰		118	4_360		
20-059-01	白氏文集_神田本	842	700	員	貟	冗員	冗員			2	2	〔角〕平	上平	〔右〕〔墨B〕ヱン／〔右〕〔角〕ヱン／〔左〕〔墨B〕ウン	シヨウヱン／シヨウウン				118	4_360		
20-059-01	白氏文集_神田本	843	701	扆	扆	扆	扆を			1	1	〔墨〕上	上						118	4_361		
20-059-01	白氏文集_神田本	844	702	默	黙	端默	端黙なり			2	2	〔墨〕入軽	＊入軽				〔右〕〻木		118	4_361		
20-059-01	白氏文集_神田本	845	703	蔽	⿱艹㢢	蔽	[⿱艹㢢]クラウシて／[⿱艹㢢]オホフて			1	2	〔墨〕去	去						119	4_365		
20-059-01	白氏文集_神田本	846	704	厲	厲	厲王	厲王			1	2	〔墨〕去	去＊						119	4_366		
20-059-01	白氏文集_神田本	847	705	弊	㢢	壅弊	壅㢢を			2	2	〔墨〕去	＊去	〔右〕〔墨A〕ヘイ	＊ヘイ				119	4_367		
20-059-01	白氏文集_神田本	848	706	諷	諷	諷刺	諷刺を			1	2	〔角〕去	去去						119	4_368		
20-059-01	白氏文集_神田本	849	706	刺	刾	諷刺	諷刺を			2	1	〔墨〕去	去去						119	4_368		